ISSN	Titulo	Estrato	Classificação
2176-7475	A HISTÓRIA DA ENFERMAGEM : REVISTA ELETRÔNICA (HERE)	B4	
1559-7776	AACN ADVANCED CRITICAL CARE	A1	
1530-9932	AAPS PHARMSCITECH	B1	
0102-6720	ABCD. ARQUIVOS BRASILEIROS DE CIRURGIA DIGESTIVA	B2	
2357-8114	ABCS HEALTH SCIENCES	B3	
2318-4965	ABCS HEALTH SCIENCES	B3	
1806-9495	ACADEMUS: REVISTA CIENTÍFICA DA SAÚDE	B4	
0044-5967	ACTA AMAZONICA (IMPRESSO)	B1	
1726-569X	ACTA BIOETHICA (EN LÍNEA)	B1	
0717-5906	ACTA BIOETHICA (IMPRESA)	B1	
1726-569X	ACTA BIOETHICA OMS	B1	
0102-8650	ACTA CIRÚRGICA BRASILEIRA (IMPRESSO)	B1	
1678-2674	ACTA CIRÚRGICA BRASILEIRA (ONLINE)	B1	
2317-0190	ACTA FISIÁTRICA	B3	
2406-6168	ACTA HORTICULTURAE	B1	
0001-6268	ACTA NEUROCHIRURGICA	A2	
0001-6349	ACTA OBSTETRICIA ET GYNECOLOGICA SCANDINAVICA	A2	
0326-4815	ACTA ODONTOLÓGICA LATINOAMERICANA	B1	
1509-409X	ACTA OF BIOENGINEERING AND BIOMECHANICS	B1	
1982-0194	ACTA PAUL DE ENFERM	A2	
0103-2100	ACTA PAULISTA DE ENFERMAGEM	A2	
0103-2100	ACTA PAULISTA DE ENFERMAGEM	A2	
1982-0194	ACTA PAULISTA DE ENFERMAGEM (ONLINE)	A2	
0103-2100	ACTA PAULISTA DE ENFERMAGEM (UNIFESP. IMPRESSO)	A2	
1748-1708	ACTA PHYSIOLOGICA (PRINT)	A1	
1807-863X	ACTA SCIENTIARUM. BIOLOGICAL SCIENCES (ONLINE)	B4	
1679-9291	ACTA SCIENTIARUM. HEALTH SCIENCES (IMPRESSO)	B2	
1807-8648	ACTA SCIENTIARUM. HEALTH SCIENCES (ONLINE)	B2	
0965-2140	ADDICTION (ABINGDON. PRINT)	A1	
0306-4603	ADDICTIVE BEHAVIORS	A2	
2352-8532	ADDICTIVE BEHAVIORS REPORTS	B2	
0214-4840	ADICCIONES (PALMA DE MALLORCA)	B1	
2177-5281	ADOLESCÊNCIA & SAÚDE	B2	
2177-5281	ADOLESCÊNCIA & SAÚDE	B2	
1679-9941	ADOLESCÊNCIA & SAÚDE (UERJ)	B2	
2164-2656	ADVANCES IN INFECTIOUS DISEASES	B5	
2164-2648	ADVANCES IN INFECTIOUS DISEASES	B5	
2332-0036	ADVANCES IN PHARMACOLOGY AND PHARMACY	C 	
1527-7941	ADVANCES IN SKIN & WOUND CARE	A1	
1996-0808	AFRICAN JOURNAL OF MICROBIOLOGY RESEARCH	B1	
1996-0816	AFRICAN JOURNAL OF PHARMACY AND PHARMACOLOGY	B1	
0161-9152	AGE	A2	
1594-0667	AGING CLINICAL AND EXPERIMENTAL RESEARCH (TESTO STAMPATO)	B1	
1510-0839	AGROCIENCIA (MONTEVIDEO)	B2	
1360-0451	AIDS CARE	A2	
0954-0121	AIDS CARE (PRINT)	A2	
1087-2914	AIDS PATIENT CARE AND STDS	A1	
1742-6405	AIDS RESEARCH AND THERAPY	B1	
2174-6915	ALADEFE REVISTA IBEROAMERICANA DE EDUCACÍON Y INVESTIGACIÓN EN ENFERMERÍA.	B4	
0735-0414	ALCOHOL AND ALCOHOLISM (OXFORD)	A2	
1982-5153	ALEXANDRIA (UFSC)	B4	
2359-6651	ALMANAQUE MULTIDISCIPLINAR DE PESQUISA	B5	
1981-5433	ALMANAQUE UNIGRANRIO DE PESQUISA	B5	
2318-4817	ALTUS CIÊNCIAS	B4	
0893-0341	ALZHEIMER DISEASE AND ASSOCIATED DISORDERS	A2	
1552-5260	ALZHEIMER'S & DEMENTIA	A1	
1809-4422	AMBIENTE & SOCIEDADE (ONLINE)	B2	
2325-4165	AMERICAN INTERNATIONAL JOURNAL OF SOCIAL SCIENCE	C 	
2156-6976	AMERICAN JOURNAL OF CANCER RESEARCH	A2	
1175-3277	AMERICAN JOURNAL OF CARDIOVASCULAR DRUGS	B1	
1938-3207	AMERICAN JOURNAL OF CLINICAL NUTRITION	A1	
1062-3264	AMERICAN JOURNAL OF CRITICAL CARE	A1	
2327-6126	AMERICAN JOURNAL OF EDUCATIONAL RESEARCH	B5	
2327-6150	AMERICAN JOURNAL OF EDUCATIONAL RESEARCH	B5	
2330-8788	AMERICAN JOURNAL OF HEALTH RESEARCH	B5	
1042-0533	AMERICAN JOURNAL OF HUMAN BIOLOGY	A2	
0895-7061	AMERICAN JOURNAL OF HYPERTENSION	A2	
0196-6553	AMERICAN JOURNAL OF INFECTION CONTROL	A2	
1557-9883	AMERICAN JOURNAL OF MEN'S HEALTH	B1	
0250-8095	AMERICAN JOURNAL OF NEPHROLOGY	A2	
2378-5586	AMERICAN JOURNAL OF NURSING RESEARCH	C 	
2328-5753	AMERICAN JOURNAL OF NURSING SCIENCE	C 	
0193-1857	AMERICAN JOURNAL OF PHYSIOLOGY: GASTROINTESTINAL AND LIVER PHYSIOLOGY	A2	
0090-0036	AMERICAN JOURNAL OF PUBLIC HEALTH (1971)	A1	
1073-449X	AMERICAN JOURNAL OF RESPIRATORY AND CRITICAL CARE MEDICINE	A1	
1943-8141	AMERICAN JOURNAL OF TRANSLATIONAL RESEARCH	A2	
0002-9637	AMERICAN JOURNAL OF TROPICAL MEDICINE AND HYGIENE	A2	
2379-2922	AMERICAN RESEARCH JOURNAL OF NURSING	B5	
2167-8421	AMYOTROPHIC LATERAL SCLEROSIS AND FRONTOTEMPORAL DEGENERATION	A2	
1466-0822	AMYOTROPHIC LATERAL SCLEROSIS AND OTHER MOTOR NEURON DISORDERS	B2	
0365-0596	ANAIS BRASILEIROS DE DERMATOLOGIA (IMPRESSO)	B1	
1806-4841	ANAIS BRASILEIROS DE DERMATOLOGIA (ONLINE)	B1	
0001-3765	ANAIS DA ACADEMIA BRASILEIRA DE CIÊNCIAS (IMPRESSO)	B1	
0872-4032	ANAIS DA UNIVERSIDADE DE ÉVORA	B4	
0303-7762	ANAIS DO INSTITUTO DE HIGIENE E MEDICINA TROPICAL	B2	
0003-2670	ANALYTICA CHIMICA ACTA (PRINT)	A1	
0003-3197	ANGIOLOGY (ROSLYN, N.Y.)	A2	
2153-957X	ANNALS OF ANTHROPOLOGICAL PRACTICE (IMPRESSO)	B2	
0003-4800	ANNALS OF HUMAN GENETICS (PRINT)	A2	
2379-9501	ANNALS OF NURSING AND PRACTICE	C 	
0250-6807	ANNALS OF NUTRITION & METABOLISM	B1	
0003-4967	ANNALS OF THE RHEUMATIC DISEASES	A1	
0890-5096	ANNALS OF VASCULAR SURGERY (PRINT)	A2	
1098-6596	ANTIMICROBIAL AGENTS AND CHEMOTHERAPY (ONLINE)	A1	
0066-4804	ANTIMICROBIAL AGENTS AND CHEMOTHERAPY (PRINT)	A1	
2047-2994	ANTIMICROBIAL RESISTANCE AND INFECTION CONTROL	A2	
1359-6535	ANTIVIRAL THERAPY (LONDON)	A2	
0903-4641	APMIS. ACTA PATHOLOGICA, MICROBIOLOGICA ET IMMUNOLOGICA SCANDINAVICA.	A2	
0195-6663	APPETITE (LONDON. PRINT)	A2	
1063-5203	APPLIED AND COMPUTATIONAL HARMONIC ANALYSIS (PRINT)	A2	
1559-0291	APPLIED BIOCHEMISTRY AND BIOTECHNOLOGY (ONLINE)	A2	
1808-5512	APPLIED CANCER RESEARCH (IMPRESSO)	B3	
1054-4887	APPLIED COMPUTATIONAL ELECTROMAGNETICS SOCIETY JOURNAL	B1	
0003-6870	APPLIED ERGONOMICS	A2	
1541-2016	APPLIED IMMUNOHISTOCHEMISTRY & MOLECULAR MORPHOLOGY (PRINT)	B1	
0897-1897	APPLIED NURSING RESEARCH	A1	
1886-6581	APUNTS. MEDICINA DE L'ESPORT (ONLINE)	B2	
1365-2109	AQUACULTURE RESEARCH (PRINT)	A2	
1657-5997	AQUICHAN (BOGOTÁ)	B1	
1643-8698	ARCHIVES OF BUDO	B1	
2300-8822	ARCHIVES OF BUDO SCIENCE OF MARTIAL ARTS AND EXTREME SPORTS	B5	
1806-938X	ARCHIVES OF CLINICAL PSYCHIATRY (SÃO PAULO)	B1	
2454-7077	ARCHIVES OF CURRENT RESEARCH INTERNATIONAL	C 	
2359-4292	ARCHIVES OF ENDOCRINOLOGY AND METABOLISM	B2	
2359-3997	ARCHIVES OF ENDOCRINOLOGY AND METABOLISM	B2	
1933-8244	ARCHIVES OF ENVIRONMENTAL & OCCUPATIONAL HEALTH	B1	
0167-4943	ARCHIVES OF GERONTOLOGY AND GERIATRICS	B1	
0932-0067	ARCHIVES OF GYNECOLOGY AND OBSTETRICS	B1	
2317-3009	ARCHIVES OF HEALTH INVESTIGATION	B4	
0188-4409	ARCHIVES OF MEDICAL RESEARCH	A2	
0003-9969	ARCHIVES OF ORAL BIOLOGY	A2	
0883-9417	ARCHIVES OF PSYCHIATRIC NURSING	A1	
2176-9575	ARGUMENTUM (VITÓRIA)	B4	
0102-9452	ARQUIVO RIO CLARO	C 	
0066-782X	ARQUIVOS BRASILEIROS DE CARDIOLOGIA	B1	
0066-782X	ARQUIVOS BRASILEIROS DE CARDIOLOGIA	B1	
0066-782X	ARQUIVOS BRASILEIROS DE CARDIOLOGIA (IMPRESSO)	B1	
1983-2451	ARQUIVOS BRASILEIROS DE CIÊNCIAS DA SAÚDE	B3	
0004-2730	ARQUIVOS BRASILEIROS DE ENDOCRINOLOGIA E METABOLOGIA (IMPRESSO)	B1	
0004-2749	ARQUIVOS BRASILEIROS DE OFTALMOLOGIA (IMPRESSO)	B1	
1809-5267	ARQUIVOS BRASILEIROS DE PSICOLOGIA (ONLINE)	B2	
0004-2773	ARQUIVOS CATARINENSES DE MEDICINA (IMPRESSO)	B3	
1806-4280	ARQUIVOS CATARINENSES DE MEDICINA (ONLINE)	B3	
2318-3691	ARQUIVOS DE CIÊNCIAS DA SAÚDE	B3	
1415-076X	ARQUIVOS DE CIÊNCIAS DA SAÚDE DA UNIPAR	B3	
1415-076X	ARQUIVOS DE CIÊNCIAS DA SAÚDE DA UNIPAR (IMPRESSO)	B3	
1807-1325	ARQUIVOS DE CIÊNCIAS DA SAÚDE (FAMERP)	B3	
0004-2803	ARQUIVOS DE GASTROENTEROLOGIA (IMPRESSO)	B1	
1678-4219	ARQUIVOS DE GASTROENTEROLOGIA (ONLINE)	B1	
1678-4227	ARQUIVOS DE NEURO-PSIQUIATRIA	B1	
0004-282X	ARQUIVOS DE NEURO-PSIQUIATRIA	B1	
0004-282X	ARQUIVOS DE NEURO-PSIQUIATRIA (IMPRESSO)	B1	
1809-9556	ARQUIVOS EM MOVIMENTO (UFRJ. ONLINE)	B4	
1516-0939	ARQUIVOS EM ODONTOLOGIA	B3	
1809-3019	ARQUIVOS MÉDICOS DOS HOSPITAIS E DA FACULDADE DE CIÊNCIAS MÉDICAS DA SANTA CASA DE SÃO PAULO (ONLINE)	B4	
2319-2801	ASIAN ACADEMIC RESEARCH JOURNAL OF MULTIDISCIPLINARY	B5	
1513-7368	ASIAN PACIFIC JOURNAL OF CANCER PREVENTION	B1	
1592-5986	ASSIST INFERM RIC	B1	
2177-9333	ASSOBRAFIR CIÊNCIA	B4	
0212-6567	ATENCIÓN PRIMARIA (BARCELONA. ED. IMPRESA)	B1	
1578-8946	ATHENEA DIGITAL	B2	
2241-8229	ATHENS JOURNAL OF HEALTH	B5	
2241-2891	ATINER'S CONFERENCE PAPER SERIES, NO: ART2012-0216	C 	
2317-6431	AUDIOLOGY - COMMUNICATION RESEARCH (ACR)	B2	
2318-9428	AUFKLÄRUNG: REVISTA DE FILOSOFIA	B4	
1982-6672	AURORA (PUCSP. ONLINE)	B4	
2379-8017	AUSTIN - CRITICAL CARE JOURNAL	C 	
1447-4328	AUSTRALIAN JOURNAL OF ADVANCED NURSING (ONLINE)	A1	
1566-0702	AUTONOMIC NEUROSCIENCE: BASIC & CLINICAL	A2	
2175-3431	AVALIAÇÃO PSICOLÓGICA	B3	
1677-0471	AVALIAÇÃO PSICOLÓGICA (IMPRESSO)	B3	
0121-4500	AVANCES EN ENFERMERIA	B2	
0095-6562	AVIATION, SPACE, AND ENVIRONMENTAL MEDICINE	B1	
1982-2022	BARBARÓI (UNISC. ONLINE)	B3	
1352-4658	BEHAVIOURAL AND COGNITIVE PSYCHOTHERAPY (PRINT)	B1	
0166-4328	BEHAVIOURAL BRAIN RESEARCH	A2	
1984-6061	BENJAMIN CONSTANT (ONLINE)	B4	
1806-423X	BEPA. BOLETIM EPIDEMIOLÓGICO PAULISTA (IMPRESSO)	B4	
1806-4272	BEPA. BOLETIM EPIDEMIOLÓGICO PAULISTA (ONLINE)	B4	
2177-3033	BERGGASSE 19 - REVISTA DE PSICANÁLISE DA SOCIEDADE BRASILEIRA DE PSICANÁLISE DE RIBEIRÃO PRETO	B5	
1885-2238	BIBLIOTECA LASCASAS	B3	
0104-1401	BIOÉTICA (BRASÍLIA)	B4	
2151-7614	BIOINFORMATICS AND BIOMEDICAL ENGINEERING, (ICBBE) 2011 5TH INTERNATIONAL CONFERENCE ON	C 	
0301-0511	BIOLOGICAL PSYCHOLOGY	A2	
1099-8004	BIOLOGICAL RESEARCH FOR NURSING	A1	
0163-4984	BIOLOGICAL TRACE ELEMENT RESEARCH	B1	
1354-750X	BIOMARKERS (LONDON. PRINT)	B1	
2314-6141	BIOMED RESEARCH INTERNATIONAL	A2	
2314-6133	BIOMED RESEARCH INTERNATIONAL	A2	
0120-4157	BIOMÉDICA (BOGOTÁ)	B1	
0753-3322	BIOMEDICINE & PHARMACOTHERAPY	A2	
0013-5585	BIOMEDIZINISCHE TECHNIK (BERLIN. ZEITSCHRIFT)	B1	
1981-3163	BIOSCIENCE JOURNAL (ONLINE)	B1	
1516-3725	BIOSCIENCE JOURNAL (UFU. IMPRESSO)	B1	
2175-7925	BIOTEMAS	B4	
1518-1812	BIS. BOLETIM DO INSTITUTO DE SAÚDE (IMPRESSO)	B4	
1470-0328	BJOG (OXFORD)	A1	
1359-5237	BLOOD PRESSURE MONITORING	A1	
1472-6890	BMC CLINICAL PATHOLOGY (ONLINE)	B1	
1471-2296	BMC FAMILY PRACTICE	B1	
1471-2318	BMC GERIATRICS (ONLINE)	B1	
1472-6963	BMC HEALTH SERVICES RESEARCH (ONLINE)	A2	
1471-2172	BMC IMMUNOLOGY (ONLINE)	B1	
1471-2334	BMC INFECTIOUS DISEASES (ONLINE)	A2	
1472-698X	BMC INTERNATIONAL HEALTH AND HUMAN RIGHTS (ONLINE)	B1	
1472-6920	BMC MEDICAL EDUCATION (ONLINE)	B1	
1471-2288	BMC MEDICAL RESEARCH METHODOLOGY (ONLINE)	A2	
1471-2369	BMC NEPHROLOGY	B1	
1472-6955	BMC NURSING (ONLINE)	A1	
1471-2415	BMC OPHTHALMOLOGY	B1	
1472-6831	BMC ORAL HEALTH (ONLINE)	B1	
1471-2431	BMC PEDIATRICS (ONLINE)	B1	
1471-2393	BMC PREGNANCY AND CHILDBIRTH	B1	
1471-2393	BMC PREGNANCY AND CHILDBIRTH (ONLINE)	B1	
1753-6561	BMC PROCEEDINGS	B2	
1471-244X	BMC PSYCHIATRY (ONLINE)	B1	
1471-2458	BMC PUBLIC HEALTH (ONLINE)	A2	
1756-0500	BMC RESEARCH NOTES	B1	
1472-6874	BMC WOMEN'S HEALTH (ONLINE)	B1	
2044-6055	BMJ OPEN	A2	
1983-9774	BOLETIM CENTRO DE PESQUISA E PROCESSAMENTO DE ALIMENTOS	B2	
2238-3042	BOLETIM CIENTÍFICO DO INSTITUTO DE ENSINO E PESQUISA	B5	
0102-1001	BOLETIM DA SAÚDE	B4	
0102-0323	BOLETIM DO CENTRO DE PESQUISA E PROCESSAMENTO DE ALIMENTOS (IMPRESSO)	B2	
1863-2653	BRAIN STRUCTURE & FUNCTION (PRINT)	A1	
0524-2053	BRASÍLIA MÉDICA	B4	
2525-7374	BRASPEN JOURNAL	B3	
1806-4760	BRAZILIAN DENTAL JOURNAL	B1	
1806-4760	BRAZILIAN DENTAL JOURNAL (IMPRESSO)	B1	
2318-5015	BRAZILIAN JOURNAL OF ALLERGY AND IMMUNOLOGY	B4	
1981-6324	BRAZILIAN JOURNAL OF BIOMOTRICITY	B2	
0104-6632	BRAZILIAN JOURNAL OF CHEMICAL ENGINEERING (IMPRESSO)	B1	
1981-6723	BRAZILIAN JOURNAL OF FOOD TECHNOLOGY (ONLINE)	B2	
2237-261X	BRAZILIAN JOURNAL OF FORENSIC SCIENCES, MEDICAL LAW AND BIOETHICS	B4	
2237-261X	BRAZILIAN JOURNAL OF FORENSIC SCIENCES, MEDICAL LAW AND BIOETHICS	B4	
1414-431X	BRAZILIAN JOURNAL OF MEDICAL AND BIOLOGICAL RESEARCH	A2	
1414-431X	BRAZILIAN JOURNAL OF MEDICAL AND BIOLOGICAL RESEARCH	A2	
1414-431X	BRAZILIAN JOURNAL OF MEDICAL AND BIOLOGICAL RESEARCH	A2	
0100-879X	BRAZILIAN JOURNAL OF MEDICAL AND BIOLOGICAL RESEARCH (IMPRESSO)	A2	
1517-8382	BRAZILIAN JOURNAL OF MICROBIOLOGY (IMPRESSO)	B1	
1678-4405	BRAZILIAN JOURNAL OF MICROBIOLOGY (ONLINE)	B1	
1808-8694	BRAZILIAN JOURNAL OF OTORHINOLARYNGOLOGY (IMPRESSO)	B1	
1808-8686	BRAZILIAN JOURNAL OF OTORHINOLARYNGOLOGY (ONLINE)	B1	
2175-9790	BRAZILIAN JOURNAL OF PHARMACEUTICAL SCIENCES (ONLINE)	B1	
2238-1880	BRAZILIAN JOURNAL OF SPORTS NUTRITION	B5	
2317-4404	BRAZILIAN JOURNAL OF SURGERY AND CLINICAL RESEARCH	B4	
1807-3107	BRAZILIAN ORAL RESEARCH	B1	
1556-8253	BREASTFEEDING MEDICINE	B1	
2231-0614	BRITISH JOURNAL OF MEDICINE AND MEDICAL RESEARCH	B5	
2049-5919	BRITISH JOURNAL OF MENTAL HEALTH NURSING	B5	
0966-0461	BRITISH JOURNAL OF NURSING	A1	
0042-9686	BULLETIN OF THE WORLD HEALTH ORGANIZATION (PRINT)	A1	
0305-4179	BURNS (OXFORD)	A2	
2047-0398	BUSINESS MANAGEMENT REVIEW (BMR)	B5	
2316-915X	CAD. NATUROL. TERAP. COMPLEM.	B5	
2316-3143	CADERNO DE GRADUAÇÃO - CIÊNCIAS HUMANAS E SOCIAIS (ONLINE)	B5	
1981-3082	CADERNO ESPAÇO FEMININO (ONLINE)	B4	
1516-9286	CADERNO ESPAÇO FEMININO (UFU)	B4	
2176-901X	CADERNO TEMÁTICO KAIRÓS - DIVERS-IDADE: SUBJETIVIDADE, CULTURA E PODER	B3	
1984-2147	CADERNOS BRASILEIROS DE SAÚDE MENTAL	B4	
1984-7041	CADERNOS DA ESCOLA DE SAÚDE	B5	
0104-0804	CADERNOS DE BIOÉTICA (PUCMG)	B5	
0104-1096	CADERNOS DE CIÊNCIA & TECNOLOGIA	B4	
2236-9503	CADERNOS DE CIÊNCIA E SAÚDE	B5	
2236-9503	CADERNOS DE CIÊNCIA E SAÚDE	B5	
1980-5861	CADERNOS DE CULTURA E CIÊNCIA (URCA)	B5	
1982-758X	CADERNOS DE EDUCAÇÃO (BRASÍLIA)	B5	
2358-8306	CADERNOS DE EDUCAÇÃO, SAÚDE E FISIOTERAPIA	B4	
2178-079X	CADERNOS DE EDUCAÇÃO -UFPEL (ONLINE)	B5	
1645-3794	CADERNOS DE ESTUDOS AFRICANOS	B2	
1980-1769	CADERNOS DE GRADUAÇÃO - CIÊNCIAS BIOLÓGICAS E DA SAÚDE (UNIT)	B5	
2316-3151	CADERNOS DE GRADUAÇÃO: CIÊNCIAS BIOLÓGICAS E DA SAÚDE (FACIPE)	B5	
2237-8871	CADERNOS DE HISTÓRIA	B4	
2316-7580	CADERNOS DE NATUROLOGIA E TERAPIAS COMPLEMENTARES	B5	
2178-2229	CADERNOS DE PESQUISA	B4	
2178-2229	CADERNOS DE PESQUISA - UNIVERSIDADE FEDERAL DO MARANHÃO	B4	
0103-9946	CADERNOS DE SAÚDE COLETIVA E NUTRIÇÃO	C 	
1678-4464	CADERNOS DE SAUDE PUBLICA	B1	
1678-4464	CADERNOS DE SAÚDE PÚBLICA	B1	
1678-4464	CADERNOS DE SAÚDE PÚBLICA	B1	
0102-311X	CADERNOS DE SAÚDE PÚBLICA - FIOCRUZ	B1	
0102-311X	CADERNOS DE SAÚDE PÚBLICA (ENSP. IMPRESSO)	B1	
1678-4464	CADERNOS DE SAÚDE PÚBLICA (ONLINE)	B1	
0104-4931	CADERNOS DE TERAPIA OCUPACIONAL DA UFSCAR	B2	
2238-2860	CADERNOS DE TERAPIA OCUPACIONAL DA UFSCAR (ONLINE)	B2	
2178-5880	CADERNOS DO PET FILOSOFIA (UFPI)	B4	
1809-4449	CADERNOS PAGU	B2	
2358-291X	CADERNOS SAÚDE COLETIVA	B2	
1414-462X	CADERNOS SAÚDE COLETIVA (UFRJ)	B2	
1414-462X	CADERNOS SAÚDE COLETIVA (UFRJ)	B2	
0171-967X	CALCIFIED TISSUE INTERNATIONAL	A2	
1679-8740	CALIDOSCÓPIO (UNISINOS)	B5	
2359-0599	CAMINHO ABERTO: REVISTA DE EXTENSÃO DO IFSC	B4	
1480-3275	CANADIAN JOURNAL OF MICROBIOLOGY (ONLINE)	A2	
1916-7245	CANADIAN RESPIRATORY JOURNAL	B1	
1574-0153	CANCER BIOMARKERS: SECTION OF DISEASE MARKERS	B1	
0344-5704	CANCER CHEMOTHERAPY AND PHARMACOLOGY	A2	
0162-220X	CANCER NURSING	A1	
2090-0597	CARDIOLOGY RESEARCH AND PRACTICE	B1	
0145-5680	CELLULAR AND MOLECULAR BIOLOGY	A2	
0379-864X	CHEMICAL SENSES	A2	
0009-2797	CHEMICO-BIOLOGICAL INTERACTIONS (PRINT)	A2	
2167-7700	CHEMOTHERAPY	B5	
0012-3692	CHEST (AMERICAN COLLEGE OF CHEST PHYSICIANS)	A1	
0305-1862	CHILD CARE HEALTH AND DEVELOPMENT (PRINT)	A2	
1980-850X	CIÊNCIA & EDUCAÇÃO	B2	
1678-4561	CIÊNCIA & SAÚDE COLETIVA	B1	
1678-4561	CIÊNCIA & SAÚDE COLETIVA (ONLINE)	B1	
1413-8123	CIÊNCIA & SAÚDE COLETIVA (ONLINE)	B1	
1983-652X	CIÊNCIA & SAÚDE (PORTO ALEGRE)	B4	
1677-3861	CIÊNCIA, CUIDADO & SAÚDE	B2	
1984-7513	CIÊNCIA, CUIDADO E SAÚDE	B2	
1677-3861	CIÊNCIA, CUIDADO E SAÚDE	B2	
1984-7513	CIÊNCIA, CUIDADO E SAÚDE (ONLINE)	B2	
1981-1829	CIÊNCIA E AGROTECNOLOGIA (ONLINE)	B1	
1413-8123	CIÊNCIA E SAÚDE COLETIVA (IMPRESSO)	B1	
1413-8123	CIÊNCIA E SAÚDE COLETIVA (IMPRESSO)	B1	
1413-8123	CIÊNCIA E SAÚDE COLETIVA (IMPRESSO)	B1	
1678-457X	CIÊNCIA E TECNOLOGIA DE ALIMENTOS (ONLINE)	B1	
0101-8515	CIÊNCIA HOJE	B4	
1678-4596	CIENCIA RURAL	B1	
0103-8478	CIÊNCIA RURAL (UFSM. IMPRESSO)	B1	
0717-9553	CIENCIA Y ENFERMERÍA (EN LÍNEA)	B1	
0717-2079	CIENCIA Y ENFERMERÍA (IMPRESA)	B1	
1806-5821	CIÊNCIAS & COGNIÇÃO (UFRJ)	B3	
1677-5716	CIENTEFICO	B4	
1519-2512	CINERGIS (UNISC)	B4	
0009-7322	CIRCULATION (NEW YORK, N.Y.)	A1	
2176-9540	CLÍNICA E PESQUISA EM ODONTOLOGIA (UNITAU)	B5	
2357-9730	CLINICAL AND BIOMEDICAL RESEARCH	B3	
1342-1751	CLINICAL AND EXPERIMENTAL NEPHROLOGY	B1	
0390-6663	CLINICAL AND EXPERIMENTAL OBSTETRICS & GYNECOLOGY	B1	
1058-4838	CLINICAL INFECTIOUS DISEASES	A1	
1178-1998	CLINICAL INTERVENTIONS IN AGING (ONLINE)	B1	
1092-1095	CLINICAL JOURNAL OF ONCOLOGY NURSING	A1	
1555-9041	CLINICAL JOURNAL OF THE AMERICAN SOCIETY OF NEPHROLOGY	A1	
1724-4935	CLINICAL NEUROPSYCHIATRY	B1	
0363-9762	CLINICAL NUCLEAR MEDICINE	A1	
1054-7738	CLINICAL NURSING RESEARCH	A1	
2324-7940	CLINICAL NURSING STUDIES (PRINT)	B5	
0261-5614	CLINICAL NUTRITION (EDINBURGH)	A1	
1475-0961	CLINICAL PHYSIOLOGY AND FUNCTIONAL IMAGING (PRINT)	B1	
1745-0179	CLINICAL PRACTICE AND EPIDEMIOLOGY IN MENTAL HEALTH	B1	
0770-3198	CLINICAL RHEUMATOLOGY (PRINTED)	A2	
0143-5221	CLINICAL SCIENCE (1979)	A1	
0902-0063	CLINICAL TRANSPLANTATION	A2	
1980-5322	CLINICS	B1	
1980-5322	CLINICS	B1	
1980-5322	CLINICS	B1	
1469-493X	COCHRANE DATABASE OF SYSTEMATIC REVIEWS (ONLINE)	A1	
1465-1858	COCHRANE LIBRARY (ONLINE)	B5	
2317-1782	CODAS	B1	
2331-205X	COGENT MEDICINE	B5	
2176-9133	COGITARE ENFERMAGEM	B1	
2176-9133	COGITARE ENFERMAGEM	B1	
2176-9133	COGITARE ENFERMAGEM ELETRONICA	B1	
1354-6805	COGNITIVE NEUROPSYCHIATRY (PRINT)	B1	
1981-4313	COLEÇÃO PESQUISA EM EDUCAÇÃO FÍSICA	B4	
1322-7696	COLLEGIAN	A1	
1808-1851	COLUNA/COLUMNA	B2	
1519-7654	COMCIÊNCIA (UNICAMP)	B4	
0361-0926	COMMUNICATIONS IN STATISTICS. THEORY AND METHODS	B1	
1755-2540	COMPARATIVE EXERCISE PHYSIOLOGY	B5	
2469-4207	COMPREHENSIVE CHILD AND ADOLESCENT NURSING	B2	
0010-440X	COMPREHENSIVE PSYCHIATRY (PRINT)	A2	
1538-9774	COMPUTERS, INFORMATICS, NURSING (ONLINE)	A1	
1538-2931	COMPUTERS, INFORMATICS, NURSING (PRINT)	A1	
1980-0584	COMUNICAÇÃO EM CIÊNCIAS DA SAÚDE (IMPRESSO)	B3	
1983-9030	CONEXÕES (CAMPINAS. ONLINE)	B4	
2178-4612	CONJECTURA: FILOSOFIA E EDUCAÇÃO (UCS)	B4	
1980-7341	CONNECTION LINE	B4	
1983-9324	CONSCIENTIAE SAÚDE (ONLINE)	B3	
1037-6178	CONTEMPORARY NURSE (SALISBURY)	A1	
2317-0441	CONVIBRA : GESTÃO, EDUCAÇÃO E PROMOÇÃO DA SAÚDE	C 	
2177-9457	COREN-RS ENFERMAGEM GAÚCHA EM REVISTA	B5	
0954-6928	CORONARY ARTERY DISEASE	B1	
2151-4755	CREATIVE EDUCATION	B5	
2151-4771	CREATIVE EDUCATION	B5	
1364-8535	CRITICAL CARE (LONDON. PRINT)	A1	
0090-3493	CRITICAL CARE MEDICINE	A1	
2409-2312	CUIDADO Y SALUD/KAWSAYNINCHIS	B5	
2346-3414	CUIDARTE	B2	
2216-0973	CUIDARTE	B2	
2216-0973	CUIDARTE	B2	
1982-1166	CUIDARTE. ENFERMAGEM	B5	
1138-1728	CULTURA DE LOS CUIDADOS	B2	
1699-6003	CULTURA DE LOS CUIDADOS	B2	
1794-5232	CULTURA DEL CUIDADO ENFERMERIA	B3	
1369-1058	CULTURE, HEALTH & SEXUALITY (PRINT)	B1	
1573-4021	CURRENT HYPERTENSION REVIEWS	B1	
2161-3303	CURRENT OBSTETRICS AND GYNECOLOGY REPORTS	B5	
1940-7041	CURRENT ORTHOPAEDIC PRACTICE	B1	
1389-2010	CURRENT PHARMACEUTICAL BIOTECHNOLOGY (PRINT)	A2	
1046-1310	CURRENT PSYCHOLOGY (NEW BRUNSWICK, N.J.)	B1	
1540-7535	CURRENT TOPICS IN NUTRACEUTICALS RESEARCH	B1	
1645-1384	CURRÍCULO SEM FRONTEIRAS	B2	
1980-5764	DEMENTIA & NEUROPSYCHOLOGIA	B2	
1420-8008	DEMENTIA AND GERIATRIC COGNITIVE DISORDERS	A2	
2238-913X	DEMETRA: ALIMENTAÇÃO, NUTRIÇÃO & SAÚDE	B4	
2238-913X	DEMETRA: ALIMENTAÇÃO, NUTRIÇÃO & SAÚDE	B4	
2177-6709	DENTAL PRESS JOURNAL OF ORTHODONTICS	B2	
0250-832X	DENTO-MAXILLO-FACIAL RADIOLOGY	B1	
1476-542X	DENTOMAXILLOFACIAL RADIOLOGY (ONLINE)	B1	
1076-0512	DERMATOLOGIC SURGERY	A2	
2359-3652	DESAFIOS: REVISTA INTERDISCIPLINAR DA UNIVERSIDADE FEDERAL DO TOCANTINS	B4	
2176-3070	DESTAQUES ACADÊMICOS	B5	
1471-8731	DEVELOPING WORLD BIOETHICS	B1	
1479-1641	DIABETES & VASCULAR DISEASE RESEARCH	A2	
0149-5992	DIABETES CARE	A1	
0012-1797	DIABETES (NEW YORK, N.Y.)	A1	
0168-8227	DIABETES RESEARCH AND CLINICAL PRACTICE (PRINT)	A2	
0742-3071	DIABETIC MEDICINE	A2	
1758-5996	DIABETOL METAB SYNDR	B1	
0012-186X	DIABETOLOGIA (BERLIN)	A1	
1758-5996	DIABETOLOGY & METABOLIC SYNDROME	B1	
1983-9294	DIALOGIA	B4	
2260-1155	DIRE-DIVERSITÉ - RECHERCHES ET TERRAINS	B5	
1808-4435	DIREITO UNIFACS	B4	
0963-8288	DISABILITY AND REHABILITATION	A2	
1748-3107	DISABILITY AND REHABILITATION: ASSISTIVE TECHNOLOGY	B1	
2177-3335	DISCIPLINARUM SCIENTIA	B5	
1981-5778	DISCIPLINARUM SCIENTIA ? CIÊNCIAS SOCIAIS APLICADAS	B5	
2177-3335	DISCIPLINARUM SCIENTIA. SÉRIE CIÊNCIAS DA SAÚDE	B5	
0278-0240	DISEASE MARKERS (PRINT)	B1	
1120-8694	DISEASES OF THE ESOPHAGUS	B1	
2176-2724	DISTÚRBIOS DA COMUNICAÇÃO	B3	
1984-5073	DIVERSITATES	B4	
0103-4383	DIVULGACAO EM SAUDE PARA DEBATE	B3	
0376-8716	DRUG AND ALCOHOL DEPENDENCE	A2	
0103-4065	DST. JORNAL BRASILEIRO DE DOENCAS SEXUALMENTE TRANSMISSIVEIS	B3	
2177-8310	EAD EM FOCO	B4	
1471-0153	EATING BEHAVIORS	B1	
1647-0737	E-CADERNOS CES (ONLINE)	B4	
1754-6605	ECANCER MEDICAL JOURNAL	B2	
0367-0244	ECOLOGY OF FOOD AND NUTRITION	B1	
1678-4634	EDUCAÇÃO E PESQUISA	B2	
2175-6236	EDUCACAO E REALIDADE	B2	
0102-4698	EDUCAÇÃO EM REVISTA (UFMG - IMPRESSO)	B2	
2179-8435	EDUCAÇÃO POR ESCRITO PUCRS	B4	
1984-6444	EDUCAÇÃO (SANTA MARIA. ONLINE)	B4	
0864-2141	EDUCACIÓN MÉDICA SUPERIOR (IMPRESA)	B2	
0104-4060	EDUCAR EM REVISTA (IMPRESSO)	B2	
0013-1881	EDUCATIONAL RESEARCH	B1	
1983-7771	EDUCATIVA (GOIÂNIA. ONLINE)	B4	
1646-8848	EGITANIA SCIENCIA	B4	
2174-8292	EIDON: REVISTA ESPANHOLA DE BIOÉTICA	B4	
2317-6385	EINSTEIN (SAO PAULO)	B2	
1679-4508	EINSTEIN (SÃO PAULO)	B2	
1350-911X	ELECTRONICS LETTERS (ONLINE)	A2	
1518-6369	EM EXTENSÃO (UFU. IMPRESSO)	B4	
2079-0538	EMIRATES JOURNAL OF FOOD AND AGRICULTURE (ONLINE)	B1	
1559-0100	ENDOCRINE	A2	
1351-0088	ENDOCRINE-RELATED CANCER	A1	
1517-6932	ENDOCRINOLOGIA & DIABETES CLÍNICA E EXPERIMENTAL	B4	
2405-6502	ENEUROLOGICALSCI	B5	
1519-339X	ENFERMAGEM ATUAL (RIO DE JANEIRO)	B2	
1678-2410	ENFERMAGEM BRASIL	B2	
1678-2410	ENFERMAGEM BRASIL	B2	
2177-4285	ENFERMAGEM EM FOCO	B2	
2177-4285	ENFERMAGEM EM FOCO	B2	
2177-4285	ENFERMAGEM EM FOCO	B2	
2357-707X	ENFERMAGEM EM FOCO DO COFEN	B2	
2358-4661	ENFERMAGEM OBSTÉTRICA	B5	
0104-4419	ENFERMAGEM REVISTA	B4	
0213-005X	ENFERMEDADES INFECCIOSAS Y MICROBIOLOGÍA CLÍNICA (ED. IMPRESA)	B1	
1688-8375	ENFERMERÍA	B3	
1409-4568	ENFERMERÍA ACTUAL DE COSTA RICA	B2	
1130-8621	ENFERMERÍA CLÍNICA (ED. IMPRESA)	A2	
1699-0641	ENFERMERÍA COMUNITARIA (INTERNET)	B2	
1695-6141	ENFERMERÍA GLOBAL	B1	
1695-6141	ENFERMERÍA GLOBAL	B1	
0214-0128	ENFERMERÍA INTEGRAL	B5	
2395-8421	ENFERMERÍA UNIVERSITARIA (ONLINE)	B2	
1413-4152	ENGENHARIA SANITÁRIA E AMBIENTAL	B1	
2178-695X	ENSAIOS E CIÊNCIA: CIÊNCIAS BIOLÓGICAS, AGRÁRIAS E DA SAÚDE	B4	
1415-6938	ENSAIOS E CIÊNCIA: CIÊNCIAS BIOLÓGICAS, AGRÁRIAS E DA SAÚDE	B4	
0212-4521	ENSEÑANZA DE LAS CIENCIAS	B1	
2237-4450	ENSINO DE CIÊNCIAS E TECNOLOGIA EM REVISTA	B4	
1983-7011	ENSINO, SAÚDE E AMBIENTE	B4	
1476-069X	ENVIRONMENTAL HEALTH (LONDON. 2002. ONLINE)	A2	
1573-2959	ENVIRONMENTAL MONITORING AND ASSESSMENT (DORDRECHT. ONLINE)	A2	
0167-6369	ENVIRONMENTAL MONITORING AND ASSESSMENT (PRINT)	A2	
0013-9351	ENVIRONMENTAL RESEARCH (NEW YORK, N.Y. PRINT)	A2	
1679-4974	EPIDEMIOLOGIA E SERVICOS DE SAUDE	B2	
1679-4974	EPIDEMIOLOGIA E SERVIÇOS DE SAÚDE	B2	
2237-9622	EPIDEMIOLOGIA E SERVIÇOS DE SAÚDE	B2	
1679-4974	EPIDEMIOLOGIA E SERVIÇOS DE SAÚDE	B2	
0950-2688	EPIDEMIOLOGY AND INFECTION (PRINT)	A2	
2090-2972	EPIDEMIOLOGY RESEARCH INTERNATIONAL	B5	
1525-5050	EPILEPSY & BEHAVIOR (PRINT)	A2	
0920-1211	EPILEPSY RESEARCH	A2	
1138-6983	EPISTULA ALASS	B5	
2101-8413	ERGOLOGIA	B5	
1414-8145	ESCOLA ANNA NERY	B1	
2177-9465	ESCOLA ANNA NERY. REVISTA DE ENFERMAGEM	B1	
0798-1015	ESPACIOS (CARACAS)	C 	
0103-3832	ESPAÇO PARA A SAÚDE	B3	
0103-3832	ESPAÇO PARA A SAÚDE	B3	
1517-7130	ESPAÇO PARA A SAÚDE - REVISTA DE SAÚDE PÚBLICA DO PARANÁ	B3	
0103-3832	ESPAÇO PARA A SAÚDE (IMPRESSO)	B3	
1517-7130	ESPAÇO PARA A SAÚDE (ONLINE)	B3	
1806-3144	ESTIMA (SOCIEDADE BRASILEIRA DE ESTOMATERAPIA)	B2	
1982-0275	ESTUDOS DE PSICOLOGIA	B2	
1678-4669	ESTUDOS DE PSICOLOGIA (NATAL. ONLINE)	B2	
0103-166X	ESTUDOS DE PSICOLOGIA (PUCCAMP. IMPRESSO)	B2	
1413-294X	ESTUDOS DE PSICOLOGIA (UFRN)	B2	
1808-4281	ESTUDOS E PESQUISAS EM PSICOLOGIA (ONLINE)	B3	
1676-3041	ESTUDOS E PESQUISAS EM PSICOLOGIA (UERJ. IMPRESSO)	B3	
0103-6831	ESTUDOS EM AVALIAÇÃO EDUCACIONAL (IMPRESSO)	B4	
0103-0876	ESTUDOS (GOIÂNIA)	B4	
1983-781X	ESTUDOS (GOIÂNIA. ONLINE)	B4	
2316-2171	ESTUDOS INTERDISCIPLINARES DO ENVELHECIMENTO - PORTO ALEGRE	B3	
1517-2473	ESTUDOS INTERDISCIPLINARES SOBRE O ENVELHECIMENTO	B3	
0101-3130	ESTUDOS TEOLÓGICOS	B4	
0103-0876	ESTUDOS (UCGO. IMPRESSO)	B4	
1983-1935	ETHNIC - REVISTA BRASILEIRA DE ESTUDOS INTERCULTURAIS	B5	
1988-7973	ETICA DE LOS CUIDADOS	B3	
2053-9738	EUROPEAN JOURNAL OF ACADEMIC RESEARCH	B5	
2349-8870	EUROPEAN JOURNAL OF BIOMEDICAL AND PHARMACEUTICAL SCIENCES	B5	
0959-8049	EUROPEAN JOURNAL OF CANCER	A1	
0961-5423	EUROPEAN JOURNAL OF CANCER CARE (ENGLISH ED. PRINT)	A1	
1474-5151	EUROPEAN JOURNAL OF CARDIOVASCULAR NURSING	A1	
0954-3007	EUROPEAN JOURNAL OF CLINICAL NUTRITION	A2	
0031-6970	EUROPEAN JOURNAL OF CLINICAL PHARMACOLOGY	A2	
1432-1041	EUROPEAN JOURNAL OF CLINICAL PHARMACOLOGY (INTERNET)	A2	
0804-4643	EUROPEAN JOURNAL OF ENDOCRINOLOGY	A1	
1388-9842	EUROPEAN JOURNAL OF HEART FAILURE	A1	
1876-3820	EUROPEAN JOURNAL OF INTEGRATIVE MEDICINE	B1	
1438-7697	EUROPEAN JOURNAL OF LIPID SCIENCE AND TECHNOLOGY (PRINT)	A2	
0949-2321	EUROPEAN JOURNAL OF MEDICAL RESEARCH	B1	
0301-2115	EUROPEAN JOURNAL OF OBSTETRICS, GYNECOLOGY, AND REPRODUCTIVE BIOLOGY	A2	
1462-3889	EUROPEAN JOURNAL OF ONCOLOGY NURSING	A1	
1090-3801	EUROPEAN JOURNAL OF PAIN	A2	
2394-3211	EUROPEAN JOURNAL OF PHARMACEUTICAL AND MEDICAL RESEARCH	B5	
0014-2999	EUROPEAN JOURNAL OF PHARMACOLOGY	A2	
1101-1262	EUROPEAN JOURNAL OF PUBLIC HEALTH	A2	
0748-7983	EUROPEAN JOURNAL OF SURGICAL ONCOLOGY	A2	
1128-3602	EUROPEAN REVIEW FOR MEDICAL AND PHARMACOLOGICAL SCIENCES	B1	
1741-4288	EVIDENCE-BASED COMPLEMENTARY AND ALTERNATIVE MEDICINE (ONLINE)	B2	
1741-427X	EVIDENCE-BASED COMPLEMENTARY AND ALTERNATIVE MEDICINE (PRINT)	B2	
1697-638X	EVIDENTIA (GRANADA)	B2	
2447-1151	EXPERIÊNCIA - REVISTA CIENTÍFICA DE EXTENSÃO	B5	
1205-6626	EXPERIMENTAL AND CLINICAL CARDIOLOGY	B1	
0014-4886	EXPERIMENTAL NEUROLOGY	A1	
0957-4174	EXPERT SYSTEMS WITH APPLICATIONS	A2	
1550-8307	EXPLORE (NEW YORK, N.Y.)	B1	
2316-400X	EXTENSÃO EM AÇÃO	B4	
1807-0221	EXTENSIO (FLORIANÓPOLIS)	B4	
2318-3640	EXTRAMUROS - REVISTA DE EXTENSÃO DA UNIVASF	B4	
1984-6975	FACES (FACE/FUMEC)	B4	
0014-7125	FAMILIA CRISTA	C 	
0742-3225	FAMILY MEDICINE	B1	
2238-8028	FISIOTERAPIA & SAÚDE FUNCIONAL	B4	
1518-9740	FISIOTERAPIA BRASIL	B2	
1809-2950	FISIOTERAPIA E PESQUISA	B2	
2316-9117	FISIOTERAPIA E PESQUISA	B2	
1980-5918	FISIOTERAPIA EM MOVIMENTO	B2	
1980-5918	FISIOTERAPIA EM MOVIMENTO	B2	
0103-5150	FISIOTERAPIA EM MOVIMENTO (PUCPR. IMPRESSO)	B2	
0211-5638	FISIOTERAPIA (MADRID. ED. IMPRESA)	B2	
1809-3469	FISIOTERAPIA SER	C 	
1676-5133	FITNESS & PERFORMANCE JOURNAL (ONLINE)	B2	
0278-6915	FOOD AND CHEMICAL TOXICOLOGY	A1	
2157-9458	FOOD AND NUTRITION SCIENCES (ONLINE)	B5	
0308-8146	FOOD CHEMISTRY	A1	
1980-0827	FÓRUM AMBIENTAL DA ALTA PAULISTA	B4	
1984-0292	FRACTAL: REVISTA DE PSICOLOGIA	B2	
0891-5849	FREE RADICAL BIOLOGY & MEDICINE	A1	
2238-8869	FRONTEIRAS: JOURNAL OF SOCIAL, TECHNOLOGICAL AND ENVIRONMENTAL SCIENCE	B4	
2238-8869	FRONTEIRAS: JOURNAL OF SOCIAL, TECHNOLOGICAL AND ENVIRONMENTAL SCIENCE	B4	
1945-0508	FRONTIERS IN BIOSCIENCE-ELITE	B1	
1664-2295	FRONTIERS IN NEUROLOGY	A2	
1664-1078	FRONTIERS IN PSYCHOLOGY	A2	
2175-7437	FULL DENTISTRY IN SCIENCE	B3	
2175-7437	FULL DENTISTRY IN SCIENCE	B3	
2165-8056	FUNGAL GENOMICS AND BIOLOGY	B5	
1756-8919	FUTURE MEDICINAL CHEMISTRY	A2	
0213-9111	GACETA SANITARIA (BARCELONA. ED. IMPRESA)	B1	
1042-895X	GASTROENTEROLOGY NURSING	A1	
0393-3660	GAZZETTA MEDICA ITALIANA. ARCHIVIO PER LE SCIENZE MEDICHE (TESTO STAMPATO)	B2	
0378-1119	GENE (AMSTERDAM)	A2	
0163-8343	GENERAL HOSPITAL PSYCHIATRY	A2	
1945-0265	GENETIC TESTING AND MOLECULAR BIOMARKERS	B1	
1415-4757	GENETICS AND MOLECULAR BIOLOGY (IMPRESSO)	B1	
1678-4685	GENETICS AND MOLECULAR BIOLOGY (ONLINE VERSION)	B1	
1676-5680	GENETICS AND MOLECULAR RESEARCH	B1	
1676-5680	GENETICS AND MOLECULAR RESEARCH	B1	
1676-5680	GENETICS AND MOLECULAR RESEARCH	B1	
2318-2598	GERAIS: REVISTA DE SAÚDE PÚBLICA DO SUS/MG	B5	
1981-8289	GERIATRIA & GERONTOLOGIA	B4	
0197-4572	GERIATRIC NURSING (NEW YORK)	A1	
2447-2115	GERIATRICS, GERONTOLOGY AND AGING	B4	
0734-0664	GERODONTOLOGY	B1	
1134-928X	GEROKOMOS (MADRID. ED. IMPRESA)	B2	
2333-7214	GERONTOLOGY AND GERIATRIC MEDICINE	B5	
0975-4172	GLOBAL JOURNAL OF COMPUTER SCIENCE AND TECHNOLOGY	B5	
1744-1692	GLOBAL PUBLIC HEALTH	B1	
2333-3936	GLOBAL QUALITATIVE NURSING RESEARCH	B5	
1365-2516	HAEMOPHILIA	A2	
1351-8216	HAEMOPHILIA (OXFORD. PRINT)	A2	
1982-5161	HANSENOLOGIA INTERNATIONALIS: HANSENÍASE E OUTRAS DOENÇAS INFECCIOSAS	B3	
0100-3283	HANSENOLOGIA INTERNATIONALIS (IMPRESSO)	B3	
1758-3284	HEAD & NECK ONCOLOGY	C 	
2178-7468	HEADACHE MEDICINE	B4	
1678-6770	HEADACHE MEDICINE	B4	
0017-8748	HEADACHE THE JOURNAL OF HEAD AND FACE PAIN	A2	
1949-4998	HEALTH	B5	
0739-9332	HEALTH CARE FOR WOMEN INTERNATIONAL	B1	
1949-5005	HEALTH (IRVINE)	B5	
2164-2850	HEALTH PSYCHOLOGY AND BEHAVIORAL MEDICINE	B5	
0278-6133	HEALTH PSYCHOLOGY (PRINT)	A1	
1791-809X	HEALTH SCIENCE JOURNAL	B2	
0147-9563	HEART & LUNG	A1	
1492-7535	HEMODIALYSIS INTERNATIONAL	B1	
0101-9171	HIGIENE ALIMENTAR	B3	
1678-4758	HISTÓRIA, CIÊNCIAS, SAÚDE (ONLINE)	B1	
0104-5970	HISTÓRIA, CIÊNCIAS, SAÚDE-MANGUINHOS (IMPRESSO)	B1	
2176-7475	HISTÓRIA DA ENFERMAGEM - REVISTA ELETRÔNICA (HERE)	B4	
2176-7475	HISTÓRIA DA ENFERMAGEM: REVISTA ELETRÔNICA (HERE)	B4	
1807-1600	HOLOS (NATAL. ONLINE)	B4	
1475-4916	HOMEOPATHY (EDINBURGH. PRINT)	B1	
0716-8861	HORIZONTE DE ENFERMERÍA	B3	
2175-5841	HORIZONTE: REVISTA DE ESTUDOS DE TEOLOGIA E CIÊNCIAS DA RELIGIÃO (ONLINE)	B4	
1806-9991	HORTICULTURA BRASILEIRA	B1	
0102-0536	HORTICULTURA BRASILEIRA (IMPRESSO)	B1	
1982-8047	HU REVISTA	B3	
0103-3123	HU REVISTA (UFJF. IMPRESSO)	B3	
1080-7039	HUMAN AND ECOLOGICAL RISK ASSESSMENT	B1	
0340-6717	HUMAN GENETICS	A1	
1732-3991	HUMAN MOVEMENT	B2	
0167-9457	HUMAN MOVEMENT SCIENCE (PRINT)	A2	
1478-4491	HUMAN RESOURCES FOR HEALTH	A2	
2164-5515	HUMAN VACCINES & IMMUNOTHERAPEUTICS	B1	
1727-8120	HUMANIDADES MÉDICAS	B2	
1573-5117	HYDROBIOLOGIA	A2	
0018-8158	HYDROBIOLOGIA (THE HAGUE. PRINT)	A2	
1980-1726	HYGEIA : REVISTA BRASILEIRA DE GEOGRAFIA MÉDICA E DA SAÚDE (UBERLÂNDIA)	B4	
0916-9636	HYPERTENSION RESEARCH	A2	
1981-1179	ID ONLINE - REVISTA MULTIDISCIPLINAR E DE PSICOLOGIA	B4	
1678-4766	IHERINGIA. SÉRIE ZOOLOGIA (ONLINE)	B1	
1981-8769	IHU ON-LINE (UNISINOS. IMPRESSO)	B5	
0032-423X	IL PONTE	B2	
1984-1191	ILUMINURAS (PORTO ALEGRE)	B4	
0171-2985	IMMUNOBIOLOGY (JENA. 1979)	A2	
0882-0139	IMMUNOLOGICAL INVESTIGATIONS	B1	
2444-5711	IMPACT	B5	
2236-9767	IMPULSO	B4	
2317-417X	INCANTARE	B4	
1647-3582	INDAGATIO DIDACTICA	B5	
1647-3582	INDAGATIO DIDACTICA	B5	
1132-1296	INDEX DE ENFERMERÍA	B1	
1699-5988	INDEX DE ENFERMERÍA DIGITAL	B1	
2249-555X	INDIAN JOURNAL OF APPLIED RESEARCH	B5	
0253-7613	INDIAN JOURNAL OF PHARMACOLOGY	B1	
0019-6061	INDIAN PEDIATRICS	B1	
1420-326X	INDOOR + BUILT ENVIRONMENT	B1	
0019-8366	INDUSTRIAL HEALTH	B1	
0104-0219	INFARMA (BRASÍLIA)	B5	
0123-9392	INFECTIO	B2	
0019-9567	INFECTION AND IMMUNITY (PRINT)	A1	
0899-823X	INFECTION CONTROL AND HOSPITAL EPIDEMIOLOGY	A1	
1567-1348	INFECTION, GENETICS AND EVOLUTION (PRINT)	A2	
1750-9378	INFECTIOUS AGENTS AND CANCER	B1	
1809-4783	INFORMAÇÃO & SOCIEDADE (UFPB. ONLINE)	B2	
0104-1673	INFORME EPIDEMIOLOGICO DO SUS	B3	
2317-2460	INOVA SAÚDE	B4	
1073-9149	INSTRUMENTATION SCIENCE & TECHNOLOGY	B1	
2347-0658	INTEGRACIÓN Y CONOCIMIENTO	B4	
0964-3397	INTENSIVE & CRITICAL CARE NURSING	A1	
2197-425X	INTENSIVE CARE MEDICINE EXPERIMENTAL	B5	
0342-4642	INTENSIVE CARE MEDICINE (PRINT)	A1	
1981-8076	INTERAÇÃO EM PSICOLOGIA (ONLINE)	B4	
0873-0725	INTERACÇÕES (COIMBRA)	B4	
1518-7012	INTERAÇÕES (CAMPO GRANDE)	B2	
0034-9690	INTERAMERICAN JOURNAL OF PSYCHOLOGY	B1	
2525-8001	INTERDISCIPLINARY JOURNAL OF HEALTH EDUCATION (IJHE)	B5	
1807-5762	INTERFACE - COMUNICAÇÃO, SAÚDE, EDUCAÇÃO	B1	
1414-3283	INTERFACE (BOTUCATU. IMPRESSO)	B1	
1807-5762	INTERFACE (BOTUCATU. ONLINE)	B1	
1807-5762	INTERFACE (UNI/UNESP)	B1	
1807-5762	INTERFACE (UNI/UNESP. ONLINE)	B1	
1980-0894	INTERFACEHS (ED. PORTUGUÊS)	B4	
2318-2326	INTERFACES - REVISTA DE EXTENSÃO DA UFMG	B4	
2316-3798	INTERFACES CIENTÍFICAS - SAÚDE E AMBIENTE	B4	
2177-7691	INTERFACES DA EDUCAÇÃO	B4	
1423-0097	INTERNATIONAL ARCHIVES OF ALLERGY AND IMMUNOLOGY (ONLINE)	A2	
1755-7682	INTERNATIONAL ARCHIVES OF MEDICINE	C 	
2469-5823	INTERNATIONAL ARCHIVES OF NURSING AND HEALTH CARE	B5	
1809-4864	INTERNATIONAL ARCHIVES OF OTORHINOLARYNGOLOGY (ONLINE)	B2	
2455-295X	INTERNATIONAL EDUCATIONAL SCIENTIFIC RESEARCH JOURNAL	B5	
1985-4668	INTERNATIONAL FOOD RESEARCH JOURNAL	B1	
1475-9276	INTERNATIONAL JOURNAL FOR EQUITY IN HEALTH (ONLINE)	B1	
0020-7519	INTERNATIONAL JOURNAL FOR PARASITOLOGY	A1	
0267-3843	INTERNATIONAL JOURNAL OF ADOLESCENCE AND YOUTH	B2	
0334-0139	INTERNATIONAL JOURNAL OF ADOLESCENT MEDICINE AND HEALTH	B1	
2169-4958	INTERNATIONAL JOURNAL OF ADVANCES IN PSYCHOLOGY	C 	
0924-8579	INTERNATIONAL JOURNAL OF ANTIMICROBIAL AGENTS (PRINT)	A1	
1499-2027	INTERNATIONAL JOURNAL OF AUDIOLOGY	B1	
0976-6685	INTERNATIONAL JOURNAL OF BIOLOGICAL & MEDICAL RESEARCH	B2	
1687-4196	INTERNATIONAL JOURNAL OF BIOMEDICAL IMAGING	B1	
2090-3189	INTERNATIONAL JOURNAL OF BREAST CANCER	B2	
0167-5273	INTERNATIONAL JOURNAL OF CARDIOLOGY (PRINT)	A1	
2359-5647	INTERNATIONAL JOURNAL OF CARDIOVASCULAR SCIENCES (ONLINE)	B5	
2156-5287	INTERNATIONAL JOURNAL OF CHILDBIRTH	B2	
1940-5901	INTERNATIONAL JOURNAL OF CLINICAL AND EXPERIMENTAL MEDICINE	B1	
2210-7703	INTERNATIONAL JOURNAL OF CLINICAL PHARMACY	B1	
2310-8231	INTERNATIONAL JOURNAL OF CLINICAL PSYCHIATRY AND MENTAL HEALTH	C 	
2349-3259	INTERNATIONAL JOURNAL OF CLINICAL TRIALS	B5	
0179-1958	INTERNATIONAL JOURNAL OF COLORECTAL DISEASE (PRINT)	A2	
1178-2005	INTERNATIONAL JOURNAL OF COPD	A2	
0975-833X	INTERNATIONAL JOURNAL OF CURRENT RESEARCH	C 	
1687-8728	INTERNATIONAL JOURNAL OF DENTISTRY (PRINT)	B1	
0011-9059	INTERNATIONAL JOURNAL OF DERMATOLOGY	A2	
2230-9926	INTERNATIONAL JOURNAL OF DEVELOPMENT RESEARCH	B2	
0973-3930	INTERNATIONAL JOURNAL OF DIABETES IN DEVELOPING COUNTRIES	B1	
1998-3832	INTERNATIONAL JOURNAL OF DIABETES IN DEVELOPING COUNTRIES	B1	
1687-8337	INTERNATIONAL JOURNAL OF ENDOCRINOLOGY	B1	
2321-0869	INTERNATIONAL JOURNAL OF ENGINEERING & TECHNICAL RESEARCH	B5	
1735-6865	INTERNATIONAL JOURNAL OF ENVIRONMENTAL OF RESEARCH (PRINT)	B1	
1660-4601	INTERNATIONAL JOURNAL OF ENVIRONMENTAL RESEARCH AND PUBLIC HEALTH	B1	
1744-1595	INTERNATIONAL JOURNAL OF EVIDENCE-BASED HEALTHCARE (PRINT)	B1	
1178-7074	INTERNATIONAL JOURNAL OF GENERAL MEDICINE	B1	
0885-6230	INTERNATIONAL JOURNAL OF GERIATRIC PSYCHIATRY	A2	
0020-7292	INTERNATIONAL JOURNAL OF GYNAECOLOGY AND OBSTETRICS	A2	
0020-7314	INTERNATIONAL JOURNAL OF HEALTH SERVICES (PRINT)	B1	
2220-8488	INTERNATIONAL JOURNAL OF HUMANITIES AND SOCIAL SCIENCE (IMPRESSO)	B5	
1996-9783	INTERNATIONAL JOURNAL OF INFECTION CONTROL	B5	
1201-9712	INTERNATIONAL JOURNAL OF INFECTIOUS DISEASES	B1	
2455-8737	INTERNATIONAL JOURNAL OF INNOVATIVE RESEARCH IN MEDICAL SCIENCE	B5	
1568-4156	INTERNATIONAL JOURNAL OF INTEGRATED CARE	B1	
1468-4330	INTERNATIONAL JOURNAL OF MANAGEMENT AND ENTERPRISE DEVELOPMENT (PRINT)	B1	
1386-5056	INTERNATIONAL JOURNAL OF MEDICAL INFORMATICS	A2	
1557-1874	INTERNATIONAL JOURNAL OF MENTAL HEALTH AND ADDICTION	B1	
1747-9894	INTERNATIONAL JOURNAL OF MIGRATION, HEALTH AND SOCIAL CARE	B2	
2090-214X	INTERNATIONAL JOURNAL OF NEPHROLOGY	B1	
2231-5454	INTERNATIONAL JOURNAL OF NURSING DIDACTICS	C 	
2047-3087	INTERNATIONAL JOURNAL OF NURSING KNOWLEDGE	A2	
2047-3095	INTERNATIONAL JOURNAL OF NURSING KNOWLEDGE	A2	
2047-3087	INTERNATIONAL JOURNAL OF NURSING KNOWLEDGE	A2	
1322-7114	INTERNATIONAL JOURNAL OF NURSING PRACTICE	A1	
1322-7114	INTERNATIONAL JOURNAL OF NURSING PRACTICE (PRINT)	A1	
2373-7662	INTERNATIONAL JOURNAL OF NURSING (PRINT)	C 	
0020-7489	INTERNATIONAL JOURNAL OF NURSING STUDIES	A1	
2379-7835	INTERNATIONAL JOURNAL OF NUTRITION	B5	
1984-3011	INTERNATIONAL JOURNAL OF NUTROLOGY	B5	
0307-0565	INTERNATIONAL JOURNAL OF OBESITY	A1	
1080-3548	INTERNATIONAL JOURNAL OF OCCUPATIONAL SAFETY AND ERGONOMICS	B1	
1399-0020	INTERNATIONAL JOURNAL OF ORAL & MAXILLOFACIAL SURGERY (ONLINE)	A2	
0901-5027	INTERNATIONAL JOURNAL OF ORAL AND MAXILLOFACIAL SURGERY	A2	
2311-8687	INTERNATIONAL JOURNAL OF PEDIATRICS AND CHILD HEALTH	B5	
2011-2084	INTERNATIONAL JOURNAL OF PSYCHOLOGICAL RESEARCH (ONLINE)	B2	
2163-1948	INTERNATIONAL JOURNAL OF PSYCHOLOGY AND BEHAVIORAL SCIENCES	B5	
1661-8556	INTERNATIONAL JOURNAL OF PUBLIC HEALTH (PRINT)	A2	
1609-4069	INTERNATIONAL JOURNAL OF QUALITATIVE METHODS	B1	
0976-3031	INTERNATIONAL JOURNAL OF RECENT SCIENTIFIC RESEARCH	C 	
2320-9364	INTERNATIONAL JOURNAL OF RESEARCH IN ENGINEERING AND SCIENCE	C 	
1949-0194	INTERNATIONAL JOURNAL OF RESEARCH IN NURSING	C 	
2052-6164	INTERNATIONAL JOURNAL OF SCIENCE COMMERCE AND HUMANITIES	C 	
2324-8041	INTERNATIONAL JOURNAL OF SOCIAL SCIENCE STUDIES	B5	
0172-4622	INTERNATIONAL JOURNAL OF SPORTS MEDICINE	A2	
0956-4624	INTERNATIONAL JOURNAL OF STD & AIDS	A2	
1749-771X	INTERNATIONAL JOURNAL OF UROLOGICAL NURSING	B1	
2171-9748	INTERNATIONAL MEDICAL REVIEW ON DOWN SYNDROME	C 	
1466-7657	INTERNATIONAL NURSING REVIEW	A1	
0020-8132	INTERNATIONAL NURSING REVIEW (1954)	A1	
1741-203X	INTERNATIONAL PSYCHOGERIATRICS (ONLINE)	A2	
2354-211X	INTERNATIONAL RESEARCH JOURNAL OF MEDICINE AND MEDICAL SCIENCES	C 	
0937-3462	INTERNATIONAL UROGYNECOLOGY JOURNAL	A1	
0301-1623	INTERNATIONAL UROLOGY AND NEPHROLOGY	B1	
2317-7217	INTERSCIENTIA	B4	
1807-1384	INTERTHESIS (FLORIANÓPOLIS)	B4	
2473-4985	INVESTIGACIÓN CUALITATIVA	B4	
0124-2059	INVESTIGACIÓN EN ENFERMERÍA IMAGEN Y DESARROLLO	B3	
0120-5307	INVESTIGACION Y EDUCACION EN ENFERMERIA	B2	
2216-0280	INVESTIGACIÓN Y EDUCACION EN ENFERMERIA	B2	
2279-0861	IOSR JOURNAL OF DENTAL AND MEDICAL SCIENCES	B5	
2320-1959	IOSR JOURNAL OF NURSING AND HEALTH SCIENCE	C 	
2250-3013	IOSR JOURNAL OF PHARMACY	C 	
2090-8687	ISRN GENETICS	B5	
2090-8695	ISRN INFLAMMATION (INTERNATIONAL SCHOLARLY RESEARCH NETWORK)	C 	
2314-4068	ISRN NUTRITION	C 	
1096-4673	ISSUES IN MENTAL HEALTH NURSING	A1	
0161-2840	ISSUES IN MENTAL HEALTH NURSING	A1	
1984-2902	ISYS: REVISTA BRASILEIRA DE SISTEMAS DE INFORMAÇÃO	B4	
1807-9342	ITINERARIUS REFLECTIONIS (ONLINE)	B4	
1945-2810	J NEUROSCI NURS	B1	
0098-7484	JAMA (CHICAGO, ILL.)	A1	
2168-6106	JAMA INTERNAL MEDICINE	A1	
2374-2445	JAMA ONCOLOGY (ONLINE)	B2	
1937-688X	JBISE	B2	
2329-9185	JBJS REVIEWS	B2	
2369-3762	JMIR MEDICAL EDUCATION	C 	
1929-0748	JMIR RESEARCH PROTOCOLS	B5	
2179-6750	JMPHC. JOURNAL OF MANAGEMENT AND PRIMARY HEALTH CARE	B4	
2177-8264	JORNAL BRASILEIRO DE DOENÇAS SEXUALMENTE TRANSMISSÍVEIS	B3	
2175-2095	JORNAL BRASILEIRO DE ECONOMIA DA SAÚDE	B3	
0047-2077	JORNAL BRASILEIRO DE MEDICINA	B3	
2175-8239	JORNAL BRASILEIRO DE NEFROLOGIA	B2	
0101-2800	JORNAL BRASILEIRO DE NEFROLOGIA	B2	
2175-8239	JORNAL BRASILEIRO DE NEFROLOGIA	B2	
1676-2444	JORNAL BRASILEIRO DE PATOLOGIA E MEDICINA LABORATORIAL	B2	
1806-3713	JORNAL BRASILEIRO DE PNEUMOLOGIA	B1	
1806-3713	JORNAL BRASILEIRO DE PNEUMOLOGIA (IMPRESSO)	B1	
0047-2085	JORNAL BRASILEIRO DE PSIQUIATRIA (UFRJ. IMPRESSO)	B1	
2238-3581	JORNAL BRASILEIRO DE TELESAÚDE	B4	
2238-3581	JORNAL BRASILEIRO DE TELESSAÚDE	B4	
0021-7557	JORNAL DE PEDIATRIA (IMPRESSO)	B1	
1678-4782	JORNAL DE PEDIATRIA (ONLINE)	B1	
1676-0166	JORNAL PARANAENSE DE PEDIATRIA	B5	
1677-7301	JORNAL VASCULAR BRASILEIRO	B2	
1677-7301	JORNAL VASCULAR BRASILEIRO (IMPRESSO)	B2	
1539-0136	JOURNAL FOR SPECIALISTS IN PEDIATRIC NURSING	A1	
0021-8294	JOURNAL FOR THE SCIENTIFIC STUDY OF RELIGION	B1	
2526-1010	JOURNAL HEALTH NPEPS	B5	
2155-6105	JOURNAL OF ADDICTION RESEARCH & THERAPY	B5	
1088-4602	JOURNAL OF ADDICTIONS NURSING	A2	
1365-2648	JOURNAL OF ADVANCED NURSING	A1	
0309-2402	JOURNAL OF ADVANCED NURSING (PRINT)	A1	
0165-0327	JOURNAL OF AFFECTIVE DISORDERS (PRINT)	A1	
0898-2643	JOURNAL OF AGING AND HEALTH	B1	
2182-6951	JOURNAL OF AGING AND INNOVATION (IMPRESSO)	B5	
2090-2204	JOURNAL OF AGING RESEARCH	B1	
2329-8847	JOURNAL OF AGING SCIENCE	B2	
2155-6113	JOURNAL OF AIDS AND CLINICAL RESEARCH	C 	
2329-6488	JOURNAL OF ALCOHOLISM & DRUG DEPENDENCE	B2	
1387-2877	JOURNAL OF ALZHEIMER'S DISEASE	A1	
2446-5186	JOURNAL OF AMAZON HEALTH SCIENCE	B5	
2329-8731	JOURNAL OF ANCIENT DISEASES & PREVENTIVE REMEDIES	B5	
1948-5964	JOURNAL OF ANTIVIRALS AND ANTIRETROVIRALS	C 	
2231-3354	JOURNAL OF APPLIED PHARMACEUTICAL SCIENCE	B1	
0921-8971	JOURNAL OF APPLIED PHYCOLOGY	A2	
1176-7529	JOURNAL OF BIOETHICAL INQUIRY (PRINT)	B1	
1549-3296	JOURNAL OF BIOMEDICAL MATERIALS RESEARCH. PART A	A2	
1937-6871	JOURNAL OF BIOMEDICAL SCIENCE AND ENGINEERING	B2	
2327-5081	JOURNAL OF BIOSCIENCES AND MEDICINES	B2	
1360-8592	JOURNAL OF BODYWORK AND MOVEMENT THERAPIES	B1	
0885-8195	JOURNAL OF CANCER EDUCATION	B1	
1477-3163	JOURNAL OF CARCINOGENESIS	B1	
1937-5395	JOURNAL OF CARDIOVASCULAR TRANSLATIONAL RESEARCH (ON LINE)	B1	
0886-3350	JOURNAL OF CATARACT & REFRACTIVE SURGERY	A2	
1582-1838	JOURNAL OF CELLULAR AND MOLECULAR MEDICINE (PRINT)	A1	
0021-9541	JOURNAL OF CELLULAR PHYSIOLOGY (PRINT)	A1	
0975-7384	JOURNAL OF CHEMICAL AND PHARMACEUTICAL RESEARCH	C 	
1367-4935	JOURNAL OF CHILD HEALTH CARE	A1	
2155-9880	JOURNAL OF CLINICAL & EXPERIMENTAL CARDIOLOGY	C 	
2214-6237	JOURNAL OF CLINICAL AND TRANSLATIONAL ENDOCRINOLOGY	B2	
1918-3003	JOURNAL OF CLINICAL MEDICINE RESEARCH	B2	
0095-1137	JOURNAL OF CLINICAL MICROBIOLOGY (PRINT)	A1	
0962-1067	JOURNAL OF CLINICAL NURSING	A1	
0962-1067	JOURNAL OF CLINICAL NURSING (PRINT)	A1	
1386-6532	JOURNAL OF CLINICAL VIROLOGY	A2	
2237-9363	JOURNAL OF COLOPROCTOLOGY (RIO DE JANEIRO. IMPRESSO)	B2	
1868-310X	JOURNAL OF COMMUNITY GENETICS	B1	
0094-5145	JOURNAL OF COMMUNITY HEALTH	B1	
2161-0711	JOURNAL OF COMMUNITY MEDICINE & HEALTH EDUCATION	B5	
1549-3636	JOURNAL OF COMPUTER SCIENCES	B1	
0095-8972	JOURNAL OF COORDINATION CHEMISTRY (PRINT)	B1	
0022-0337	JOURNAL OF DENTAL EDUCATION	B1	
0022-0345	JOURNAL OF DENTAL RESEARCH	A1	
0022-0345	JOURNAL OF DENTAL RESEARCH (PRINT)	A1	
1368-1109	JOURNAL OF DIABETES NURSING	B1	
2375-0782	JOURNAL OF EDUCATION & SOCIAL POLICY	B5	
2375-0790	JOURNAL OF EDUCATION & SOCIAL POLICY	B5	
0391-4097	JOURNAL OF ENDOCRINOLOGICAL INVESTIGATION (TESTO STAMPATO)	A2	
0022-0795	JOURNAL OF ENDOCRINOLOGY	A1	
0378-8741	JOURNAL OF ETHNOPHARMACOLOGY	A2	
1097-9751	JOURNAL OF EXERCISE PHYSIOLOGY ONLINE	B1	
2288-1778	JOURNAL OF EXERCISE REHABILITATION	B2	
2379-0547	JOURNAL OF FAMILY MEDICINE & COMMUNITY HEALTH	B5	
1750-3841	JOURNAL OF FOOD SCIENCE	A2	
1752-928X	JOURNAL OF FORENSIC AND LEGAL MEDICINE	B1	
1556-3693	JOURNAL OF FORENSIC NURSING	A2	
1059-7700	JOURNAL OF GENETIC COUNSELING	B1	
2167-7182	JOURNAL OF GERONTOLOGY & GERIATRIC RESEARCH	B5	
2213-7165	JOURNAL OF GLOBAL ANTIMICROBIAL RESISTANCE	B1	
2378-9506	JOURNAL OF GLOBAL ONCOLOGY	B5	
2178-3594	JOURNAL OF HEALTH	B4	
2317-3076	JOURNAL OF HEALTH & BIOLOGICAL SCIENCES	B4	
2317-3084	JOURNAL OF HEALTH AND BIOLOGICAL SCIENCES	B4	
1049-2089	JOURNAL OF HEALTH CARE FOR THE POOR AND UNDERSERVED	B1	
2175-4411	JOURNAL OF HEALTH INFORMATICS	B3	
1606-0997	JOURNAL OF HEALTH, POPULATION AND NUTRITION	B1	
2328-7136	JOURNAL OF HEALTH SCIENCE	C 	
2447-8938	JOURNAL OF HEALTH SCIENCES (UNOPAR)	B4	
0898-0101	JOURNAL OF HOLISTIC NURSING	A1	
1522-2179	JOURNAL OF HOSPICE AND PALLIATIVE NURSING (PRINT)	A2	
1927-7008	JOURNAL OF HOSPITAL ADMINISTRATION	B5	
1899-7562	JOURNAL OF HUMAN KINETICS	B1	
1640-5544	JOURNAL OF HUMAN KINETICS	B1	
0890-3344	JOURNAL OF HUMAN LACTATION	A1	
1365-277X	JOURNAL OF HUMAN NUTRITION AND DIETETICS	B1	
1988-5202	JOURNAL OF HUMAN SPORT AND EXERCISE	B2	
0952-1178	JOURNAL OF HYPERTENSION. SUPPLEMENT	B1	
1876-0341	JOURNAL OF INFECTION AND PUBLIC HEALTH	B1	
2316-5324	JOURNAL OF INFECTION CONTROL	B4	
2316-5324	JOURNAL OF INFECTION CONTROL	B4	
1972-2680	JOURNAL OF INFECTION IN DEVELOPING COUNTRIES	B1	
1972-2680	JOURNAL OF INFECTION IN DEVELOPING COUNTRIES (ONLINE)	B1	
1533-1458	JOURNAL OF INFUSION NURSING	A1	
0886-2605	JOURNAL OF INTERPERSONAL VIOLENCE	A2	
1356-1820	JOURNAL OF INTERPROFESSIONAL CARE	B1	
1092-6429	JOURNAL OF LAPAROENDOSCOPIC & ADVANCED SURGICAL TECHNIQUES. PART A	B1	
1089-2591	JOURNAL OF LOWER GENITAL TRACT DISEASE	B1	
1476-7058	JOURNAL OF MATERNAL-FETAL & NEONATAL MEDICINE	B1	
1752-1947	JOURNAL OF MEDICAL CASE REPORTS	B1	
0146-6615	JOURNAL OF MEDICAL VIROLOGY (PRINT)	A2	
0167-7012	JOURNAL OF MICROBIOLOGICAL METHODS	A2	
0022-2860	JOURNAL OF MOLECULAR STRUCTURE (PRINT)	A2	
1108-7161	JOURNAL OF MUSCULOSKELETAL AND NEURONAL INTERACTIONS	B1	
1949-2944	JOURNAL OF NANOTECHNOLOGY IN ENGINEERING AND MEDICINE	B2	
0953-8194	JOURNAL OF NEUROENDOCRINOLOGY (PRINT)	A2	
2329-6895	JOURNAL OF NEUROLOGICAL DISORDERS	B5	
0022-3069	JOURNAL OF NEUROPATHOLOGY AND EXPERIMENTAL NEUROLOGY	A2	
2236-1987	JOURNAL OF NURSING AND HEALTH	B4	
2236-1987	JOURNAL OF NURSING AND HEALTH	B4	
2236-1987	JOURNAL OF NURSING AND HEALTH	B4	
2358-9884	JOURNAL OF NURSING AND SOCIOENVIRONMENTAL HEALTH	B5	
1057-3631	JOURNAL OF NURSING CARE QUALITY	A1	
1925-4040	JOURNAL OF NURSING EDUCATION AND PRACTICE	B2	
1925-4059	JOURNAL OF NURSING EDUCATION AND PRACTICE (ONLINE)	B2	
1925-4040	JOURNAL OF NURSING EDUCATION AND PRACTICE (PRINT)	B2	
0966-0429	JOURNAL OF NURSING MANAGEMENT (PRINT)	A1	
1061-3749	JOURNAL OF NURSING MEASUREMENT	A1	
1527-6546	JOURNAL OF NURSING SCHOLARSHIP	A1	
2469-4185	JOURNAL OF NUTRITION & HEALTH	B5	
0955-2863	JOURNAL OF NUTRITIONAL BIOCHEMISTRY	A1	
2090-0716	JOURNAL OF OBESITY (ONLINE)	B1	
2090-0708	JOURNAL OF OBESITY (PRINT)	B1	
0884-2175	JOURNAL OF OBSTETRIC, GYNECOLOGIC, AND NEONATAL NURSING	A1	
0144-3615	JOURNAL OF OBSTETRICS AND GYNAECOLOGY	B1	
1341-8076	JOURNAL OF OBSTETRICS AND GYNAECOLOGY RESEARCH	B1	
1341-9145	JOURNAL OF OCCUPATIONAL HEALTH (1996)	B1	
1053-0487	JOURNAL OF OCCUPATIONAL REHABILITATION	B1	
0885-3924	JOURNAL OF PAIN AND SYMPTOM MANAGEMENT	A1	
2165-7386	JOURNAL OF PALLIATIVE CARE & MEDICINE	B5	
1096-6218	JOURNAL OF PALLIATIVE MEDICINE	A1	
0882-5963	JOURNAL OF PEDIATRIC NURSING	A1	
1043-4542	JOURNAL OF PEDIATRIC ONCOLOGY NURSING	A1	
1477-5131	JOURNAL OF PEDIATRIC UROLOGY (PRINT)	B1	
0719-4250	JOURNAL OF PHARMACY & PHARMACOGNOSY RESEARCH	B4	
2328-2150	JOURNAL OF PHARMACY AND PHARMACOLOGY	B5	
1543-3080	JOURNAL OF PHYSICAL ACTIVITY & HEALTH	B1	
2448-2455	JOURNAL OF PHYSICAL EDUCATION (ONLINE)	B2	
0915-5287	JOURNAL OF PHYSICAL THERAPY SCIENCE	B1	
1742-6596	JOURNAL OF PHYSICS. CONFERENCE SERIES (ONLINE)	B1	
1880-6546	JOURNAL OF PHYSIOLOGICAL SCIENCES	B1	
1138-7548	JOURNAL OF PHYSIOLOGY AND BIOCHEMISTRY	B1	
0279-1072	JOURNAL OF PSYCHOACTIVE DRUGS	B1	
2198-963X	JOURNAL OF PSYCHOSOCIAL REHABILITATION AND MENTAL HEALTH	B5	
2141-2316	JOURNAL OF PUBLIC HEALTH AND EPIDEMIOLOGY	B5	
2141-2316	JOURNAL OF PUBLIC HEALTH AND EPIDEMIOLOGY	B5	
1078-4659	JOURNAL OF PUBLIC HEALTH MANAGEMENT AND PRACTICE	B1	
0236-5731	JOURNAL OF RADIOANALYTICAL AND NUCLEAR CHEMISTRY (PRINT)	B1	
0022-4197	JOURNAL OF RELIGION AND HEALTH	A1	
0264-6838	JOURNAL OF REPRODUCTIVE AND INFANT PSYCHOLOGY	B1	
1546-8364	JOURNAL OF SCHOOL NURSING (ONLINE)	A1	
0022-4707	JOURNAL OF SPORTS MEDICINE AND PHYSICAL FITNESS (TESTO STAMPATO)	B1	
1533-4287	JOURNAL OF STRENGTH AND CONDITIONING RESEARCH	A2	
1064-8011	JOURNAL OF STRENGTH AND CONDITIONING RESEARCH	A2	
1465-9891	JOURNAL OF SUBSTANCE USE	B1	
2330-0930	JOURNAL OF SURGERY	C 	
0731-5724	JOURNAL OF THE AMERICAN COLLEGE OF NUTRITION (PRINT)	A2	
0002-8614	JOURNAL OF THE AMERICAN GERIATRICS SOCIETY	A1	
1078-3903	JOURNAL OF THE AMERICAN PSYCHIATRIC NURSES ASSOCIATION	A1	
1945-760X	JOURNAL OF THE DERMATOLOGY NURSES' ASSOCIATION	B1	
1758-2652	JOURNAL OF THE INTERNATIONAL AIDS SOCIETY	A1	
1086-8089	JOURNAL OF THE SOCIETY OF LAPAROENDOSCOPIC SURGEONS	B1	
2041-9775	JOURNAL OF THE WORLD PUBLIC HEALTH NUTRITION ASSOCIATION	B5	
0022-5193	JOURNAL OF THEORETICAL BIOLOGY	A2	
2050-5736	JOURNAL OF THERAPEUTIC ULTRASOUND	B2	
0965-206X	JOURNAL OF TISSUE VIABILITY	B1	
1043-6596	JOURNAL OF TRANSCULTURAL NURSING	A1	
1078-7496	JOURNAL OF TRAUMA NURSING	A2	
1687-9686	JOURNAL OF TROPICAL MEDICINE	B1	
1465-3664	JOURNAL OF TROPICAL PEDIATRICS	B1	
1099-3460	JOURNAL OF URBAN HEALTH	A2	
1062-0303	JOURNAL OF VASCULAR NURSING	A2	
0892-1997	JOURNAL OF VOICE	A2	
0895-2841	JOURNAL OF WOMEN & AGING	B1	
2325-9795	JOURNAL OF WOMEN'S HEALTH, ISSUES & CARE	B5	
0969-0700	JOURNAL OF WOUND CARE	A1	
1071-5754	JOURNAL OF WOUND, OSTOMY, AND CONTINENCE NURSING	A1	
1470-3203	JRAAS. JOURNAL OF THE RENIN-ANGIOTENSIN-ALDOSTERONE SYSTEM	B1	
2317-210X	JURIS PLENUM PREVIDENCIÁRIA	B5	
0140-6736	LANCET (BRITISH EDITION)	A1	
0268-8921	LASERS IN MEDICAL SCIENCE	A2	
1435-604X	LASERS IN MEDICAL SCIENCE (INTERNET)	A2	
0196-8092	LASERS IN SURGERY AND MEDICINE (PRINT)	A2	
1514-3465	LECTURAS: EDUCACIÓN FÍSICA Y DEPORTES	B4	
0329-0069	LECTURAS EDUCACIÓN FÍSICA Y DEPORTES	B4	
1514-3465	LECTURAS EDUCACIÓN FÍSICA Y DEPORTES	B4	
1514-3465	LECTURAS EDUCACIÓN FÍSICA Y DEPORTES (BUENOS AIRES)	B4	
0305-7518	LEPROSY REVIEW	B1	
1981-5239	LETRAS & LETRAS (UFU)	B4	
1981-3171	LICERE (CENTRO DE ESTUDOS DE LAZER E RECREAÇÃO. ONLINE)	B3	
0024-3205	LIFE SCIENCES (1973)	A2	
0075-9511	LIMNOLOGICA (JENA)	B1	
1980-9026	LINHA MESTRA (ASSOCIAÇÃO DE LEITURA DO BRASIL)	B5	
1415-8604	LUGAR COMUM	B5	
1857-5773	MACEDONIAN JOURNAL OF MEDICAL SCIENCES (ONLINE)	B2	
1857-5749	MACEDONIAN JOURNAL OF MEDICAL SCIENCES (PRINT)	B2	
0102-5333	MAGISTRA	B5	
1591-4267	MALTRATTAMENTO E ABUSO ALL?INFANZIA	B2	
0928-4931	MATERIALS SCIENCE & ENGINEERING. C, BIOMIMETIC MATERIALS, SENSORS AND SYSTEMS (PRINT)	A2	
1092-7875	MATERNAL AND CHILD HEALTH JOURNAL	A2	
0378-5122	MATURITAS (AMSTERDAM)	A2	
2312-7996	MEDEDPUBLISH	B5	
1466-1861	MEDIATORS OF INFLAMMATION	A2	
0962-9351	MEDIATORS OF INFLAMMATION (PRINT)	A2	
0140-0118	MEDICAL & BIOLOGICAL ENGINEERING & COMPUTING	A2	
0745-5194	MEDICAL ANTHROPOLOGY QUARTERLY	B1	
1350-4533	MEDICAL ENGINEERING & PHYSICS	A2	
0210-5187	MEDICINA CUTÁNEA IBERO-LATINO-AMERICANA	B2	
0025-7818	MEDICINA DEL LAVORO	B1	
0025-7826	MEDICINA DELLO SPORT (TESTO STAMPATO)	B1	
2176-7262	MEDICINA (RIBEIRAO PRETO. ONLINE)	B2	
0076-6046	MEDICINA (USP.FMRP)	B2	
0723-1393	MEDICINE AND LAW	B1	
0195-9131	MEDICINE AND SCIENCE IN SPORTS AND EXERCISE	A1	
1536-5964	MEDICINE (BALTIMORE)	A2	
0025-7974	MEDICINE (BALTIMORE, MD.)	A2	
2035-3006	MEDITERRANEAN JOURNAL OF HEMATOLOGY AND INFECTIOUS DISEASES	B1	
1676-1669	MEMORANDUM (BELO HORIZONTE)	B3	
1808-8090	MEMORIALIDADES	B4	
0074-0276	MEMÓRIAS DO INSTITUTO OSWALDO CRUZ (IMPRESSO)	A2	
1072-3714	MENOPAUSE (NEW YORK, N.Y.)	A2	
2398-5380	MENTAL HEALTH AND ADDICTION RESEARCH	C 	
0026-0495	METABOLISM, CLINICAL AND EXPERIMENTAL (PRINT)	A1	
1138-7262	METAS DE ENFERMERÍA	B2	
1059-910X	MICROSCOPY RESEARCH AND TECHNIQUE (PRINT)	A2	
0266-6138	MIDWIFERY	A1	
1647-662X	MILLENIUM - JOURNAL OF EDUCATION, TECHNOLOGIES, AND HEALTH	B4	
1121-421X	MINERVA GASTROENTEROLOGICA E DIETOLOGICA: A JOURNAL ON GASTROENTEROLOGY, NUTRITION AND DIETETICS	B1	
0301-4851	MOLECULAR BIOLOGY REPORTS	B1	
2172-2862	MOTRICIDAD. EUROPEAN JOURNAL OF HUMAN MOVEMENT	B4	
2182-2972	MOTRICIDADE	B2	
1646-107X	MOTRICIDADE (SANTA MARIA DA FEIRA)	B2	
1980-6574	MOTRIZ : REVISTA DE EDUCAÇÃO FÍSICA (ONLINE)	B2	
0885-3185	MOVEMENT DISORDERS	A1	
2330-1619	MOVEMENT DISORDERS CLINICAL PRACTICE	B5	
1984-4298	MOVIMENTA	B4	
0104-754X	MOVIMENTO (UFRGS. IMPRESSO)	B1	
1982-8918	MOVIMENTO (UFRGS. ONLINE)	B1	
2176-1019	MUDANÇAS - PSICOLOGIA DA SAÚDE	B3	
1352-4585	MULTIPLE SCLEROSIS	A1	
0027-5107	MUTATION RESEARCH (PRINT)	A2	
0301-486X	MYCOPATHOLOGIA (1975. PRINT)	B1	
0933-7407	MYCOSES (BERLIN)	B1	
1555-9475	NATURAL PRODUCT COMMUNICATIONS (ONLINE)	B1	
1478-6419	NATURAL PRODUCT RESEARCH	B1	
1078-8956	NATURE MEDICINE (PRINT)	A1	
0028-1298	NAUNYN-SCHMIEDEBERG'S ARCHIVES OF PHARMACOLOGY	A2	
1320-5358	NEPHROLOGY (CARLTON. PRINT)	B1	
1526-744X	NEPHROLOGY NURSING JOURNAL	A1	
1423-0216	NEUROIMMUNOMODULATION	B1	
1021-7401	NEUROIMMUNOMODULATION (BASEL)	B1	
1590-1874	NEUROLOGICAL SCIENCES (TESTO STAMPATO)	B1	
1178-2021	NEUROPSYCHIATRIC DISEASE AND TREATMENT (ONLINE)	B1	
0304-3940	NEUROSCIENCE LETTERS (PRINT)	A2	
0148-396X	NEUROSURGERY	A1	
0161-813X	NEUROTOXICOLOGY (PARK FOREST SOUTH)	A2	
0733-2467	NEUROUROLOGY AND URODYNAMICS (PRINT)	A2	
1527-3369	NEWBORN AND INFANT NURSING REVIEWS	A2	
1089-8603	NITRIC OXIDE (PRINT)	A1	
0104-7841	NOVA PERSPECTIVA SISTÊMICA	B4	
2318-1346	NOVA REVISTA AMAZÔNICA	B4	
1055-3177	NOVON (SAINT LOUIS, MO.)	B1	
2358-0097	NOVOS DEBATES - FÓRUM DE DEBATES EM ANTROPOLOGIA	B5	
1413-2117	NOVOS ESTUDOS JURÍDICOS (UNIVALI)	B5	
0325-6960	NUEVAMÉRICA (BUENOS AIRES)	B4	
1697-218X	NURE INVESTIGACIÓN	B2	
1471-5953	NURSE EDUCATION IN PRACTICE	A1	
0260-6917	NURSE EDUCATION TODAY	A1	
0363-3624	NURSE EDUCATOR	A1	
1351-5578	NURSE RESEARCHER	A1	
1441-0745	NURSING AND HEALTH SCIENCES	A1	
0871-6196	NURSING (ED. PORTUGUESA)	B2	
0969-7330	NURSING ETHICS	A1	
1362-1017	NURSING IN CRITICAL CARE	A1	
1440-1800	NURSING INQUIRY	A1	
0360-4039	NURSING (JENKINTOWN, PA.)	A2	
0744-6314	NURSING MANAGEMENT (PRINT)	A2	
2090-1437	NURSING RESEARCH AND PRACTICE (ONLINE)	B2	
2090-1429	NURSING RESEARCH AND PRACTICE (PRINT)	B2	
2230-522X	NURSING: RESEARCH AND REVIEWS	B2	
0029-6562	NURSING RESEARCH (NEW YORK)	A1	
1415-8264	NURSING (SÃO PAULO)	B2	
1676-2274	NUTRIÇÃO EM PAUTA	C 	
1989-208X	NUTRICION CLINICA Y DIETETICA HOSPITALARIA	B2	
0212-1611	NUTRICIÓN HOSPITALARIA	B1	
2072-6643	NUTRIENTS (BASEL)	A1	
2316-7874	NUTRIRE - REVISTA DA SOCIEDADE BRASILEIRA DE ALIMENTAÇÃO E NUTRIÇÃO	B3	
1519-8928	NUTRIRE (SÃO PAULO)	B3	
0899-9007	NUTRITION (BURBANK, LOS ANGELES COUNTY, CALIF.)	A2	
0985-0562	NUTRITION CLINIQUE ET MÉTABOLISME	B1	
1475-2891	NUTRITION JOURNAL	A2	
1976-1457	NUTRITION RESEARCH AND PRACTICE	B1	
0104-7809	O MUNDO DA SAÚDE (CUSC. IMPRESSO)	B2	
1980-3990	O MUNDO DA SAÚDE (ONLINE)	B2	
1871-403X	OBESITY RESEARCH & CLINICAL PRACTICE (PRINT)	B1	
1467-7881	OBESITY REVIEWS (PRINT)	A1	
2055-2238	OBESITY SCIENCE & PRACTICE	B2	
1930-739X	OBESITY (SILVER SPRING ONLINE)	A2	
0960-8923	OBESITY SURGERY	A2	
1725-6534	OCCASIONAL PAPER BSP	B5	
1351-0711	OCCUPATIONAL AND ENVIRONMENTAL MEDICINE (LONDON)	A1	
0966-7903	OCCUPATIONAL THERAPY INTERNATIONAL	B1	
1677-3888	ODONTOLOGIA CLÍNICO-CIENTÍFICA (IMPRESSO)	B3	
0190-535X	ONCOLOGY NURSING FORUM	A1	
1676-4285	ONLINE BRAZILIAN JOURNAL OF NURSING	B1	
2333-9721	OPEN ACCESS LIBRARY JOURNAL	C 	
2045-2322	OPEN ACCESS SCIENTIFIC REPORTS	A1	
2053-3624	OPEN HEART (BMJ)	B5	
2162-5344	OPEN JOURNAL OF NURSING	B5	
2160-8806	OPEN JOURNAL OF OBSTETRICS AND GYNECOLOGY	B5	
2162-2485	OPEN JOURNAL OF PREVENTIVE MEDICINE	B5	
2163-9914	OPEN JOURNAL OF RHEUMATOLOGY AND AUTOIMMUNE DISEASES	C 	
2327-5952	OPEN JOURNAL OF SOCIAL SCIENCES	C 	
2161-718X	OPEN JOURNAL OF STATISTICS	B5	
1368-8375	ORAL ONCOLOGY (1997)	A1	
0911-6028	ORAL RADIOLOGY	B1	
0889-5899	OSTOMY/WOUND MANAGEMENT	B1	
1526-0542	PAEDIATRIC RESPIRATORY REVIEWS (PRINT)	A2	
2046-9047	PAEDIATRICS AND INTERNATIONAL CHILD HEALTH	B1	
0103-863X	PAIDÉIA (USP. RIBEIRAO PRETO. IMPRESSO)	B2	
0304-3959	PAIN (AMSTERDAM. PRINT)	A1	
1524-9042	PAIN MANAGEMENT NURSING	A1	
1524-9042	PAIN MANAGEMENT NURSING (PRINT)	A1	
1526-2375	PAIN MEDICINE (MALDEN, MASS.)	A2	
1203-6765	PAIN RESEARCH & MANAGEMENT	B1	
0122-8285	PALABRA CLAVE	B2	
1478-9515	PALLIATIVE & SUPPORTIVE CARE (PRINT)	A1	
2278-0335	PANAMERICAN JOURNAL OF TRAUMA, CRITICAL CARE & EMERGENCY SURGERY	B5	
1516-9111	PAPERS DO NAEA (UFPA)	B5	
1988-3439	PARANINFO DIGITAL	B3	
1988-3439	PARANINFO DIGITAL	B3	
1756-3305	PARASITES & VECTORS	A2	
1383-5769	PARASITOLOGY INTERNATIONAL (PRINT)	B1	
2238-6963	PARTICIPAÇÃO	B4	
0738-3991	PATIENT EDUCATION AND COUNSELING	A2	
1808-1967	PATRIMÔNIO E MEMÓRIA (UNESP)	B4	
1054-6618	PATTERN RECOGNITION AND IMAGE ANALYSIS	B1	
0031-3920	PEDIATRIA MODERNA	B3	
1432-1971	PEDIATRIC CARDIOLOGY (JOURNAL. INTERNET)	B1	
1529-7535	PEDIATRIC CRITICAL CARE MEDICINE	A2	
1432-198X	PEDIATRIC NEPHROLOGY	A2	
0887-8994	PEDIATRIC NEUROLOGY	A2	
0097-9805	PEDIATRIC NURSING	A1	
1575-4022	PENAL Y PROCESAL PENAL	C 	
2237-4418	PENSAMENTO & REALIDADE	B5	
1980-6183	PENSAR A PRÁTICA (ONLINE)	B3	
1415-4676	PENSAR A PRÁTICA (UFG. IMPRESSO)	B3	
0873-8904	PENSAR ENFERMAGEM	B2	
0196-9781	PEPTIDES (NEW YORK, N.Y. 1980)	A2	
2447-1305	PERCURSOS (UNESP)	B5	
0103-9393	PERIODONTIA (FORTALEZA)	B3	
1981-2922	PERIONEWS (SÃO PAULO)	B3	
0123-3122	PERSONA Y BIOETICA	B2	
1413-9936	PERSPECTIVAS EM CIÊNCIA DA INFORMAÇÃO (IMPRESSO)	B2	
0100-2929	PERSPECTIVAS MÉDICAS (FMJ)	B4	
2236-8868	PERSPECTIVAS ONLINE: BIOLÓGICAS E SAÚDE	B4	
1678-3921	PESQUISA AGROPECUÁRIA BRASILEIRA (ONLINE)	B1	
1519-0501	PESQUISA BRASILEIRA EM ODONTOPEDIATRIA E CLÍNICA INTEGRADA (IMPRESSO)	B2	
1809-8908	PESQUISAS E PRÁTICAS PSICOSSOCIAIS	B3	
0945-1129	PFLEGEZEITSCHRIFT (STUTTGART)	B2	
1470-269X	PHARMACOGENOMICS JOURNAL (PRINT)	A1	
1827-8620	PHARMACOLOGYONLINE (SALERNO)	B1	
1466-853X	PHYSICAL THERAPY IN SPORT	B1	
1809-4481	PHYSIS [ON LINE]	B2	
0103-7331	PHYSIS (UERJ. IMPRESSO)	B2	
0944-7113	PHYTOMEDICINE (STUTTGART)	A2	
1386-341X	PITUITARY (NEW YORK)	A2	
0143-4004	PLACENTA (EASTBOURNE)	A2	
1479-2621	PLANT GENETIC RESOURCES (PRINT)	B1	
0741-5206	PLASTIC SURGICAL NURSING	A2	
1980-8666	PLEIADE (UNIAMÉRICA)	B5	
2157-3999	PLOS CURRENTS: TREE OF LIFE	B1	
1935-2735	PLOS NEGLECTED TROPICAL DISEASES (ONLINE)	A1	
1932-6203	PLOS ONE	A2	
1932-6203	PLOS ONE	A2	
1553-7366	PLOS PATHOGENS (ONLINE)	A1	
2179-2534	POIÉSIS - REVISTA DO PROGRAMA DE PÓS-GRADUAÇÃO EM EDUCAÇÃO (UNISUL)	B4	
1478-7954	POPULATION HEALTH METRICS	A2	
2444-8664	PORTO BIOMEDICAL JOURNAL	B5	
1679-5512	PRÁTICA HOSPITALAR	C 	
0103-3050	PRATICA HOSPITALAR & URGENCIAS	C 	
1677-0447	PRÁTICA HOSPITALAR (IMPRESSO)	C 	
1679-5512	PRÁTICA HOSPITALAR (ONLINE)	C 	
2317-7357	PRAXIA - REVISTA ON LINE DE EDUCAÇÃO FÍSICA DA UEG	B4	
1809-0249	PRÁXIS EDUCACIONAL	B4	
2178-2679	PRÁXIS EDUCACIONAL (ONLINE)	B4	
1809-4031	PRÁXIS EDUCATIVA (IMPRESSO)	B4	
1945-1938	PREHOSPITAL AND DISASTER MEDICINE	B2	
2211-3355	PREVENTIVE MEDICINE REPORTS	B2	
0091-7435	PREVENTIVE MEDICINE (1972. PRINT)	A2	
1751-9918	PRIMARY CARE DIABETES (PRINT)	B1	
2378-1890	PRINCIPLES AND PRATICE OF CLINICAL RESEARCH	B5	
1877-0509	PROCEDIA COMPUTER SCIENCE	B1	
1877-7058	PROCEDIA ENGINEERING	B1	
2351-9789	PROCEDIA MANUFACTURING	B5	
1877-0428	PROCEDIA: SOCIAL AND BEHAVIORAL SCIENCES	B1	
1679-9887	PSICANÁLISE & BARROCO EM REVISTA	B4	
0103-5371	PSICO (PUCRS. IMPRESSO)	B3	
1980-8623	PSICO (PUCRS. ONLINE)	B3	
0102-7182	PSICOLOGIA & SOCIEDADE (IMPRESSO)	B2	
1807-0310	PSICOLOGIA & SOCIEDADE (ONLINE)	B2	
1980-5942	PSICOLOGIA ARGUMENTO (PUCPR. ONLINE)	B3	
1982-3703	PSICOLOGIA: CIÊNCIA E PROFISSÃO	B2	
1414-9893	PSICOLOGIA CIÊNCIA E PROFISSÃO	B2	
1982-3703	PSICOLOGIA: CIÊNCIA E PROFISSÃO (ONLINE)	B2	
2238-779X	PSICOLOGIA E SABER SOCIAL	B3	
2238-779X	PSICOLOGIA E SABER SOCIAL	B3	
1413-7372	PSICOLOGIA EM ESTUDO (IMPRESSO)	B2	
1807-0329	PSICOLOGIA EM ESTUDO (ONLINE)	B2	
1982-1247	PSICOLOGIA EM PESQUISA (UFJF)	B3	
1677-1168	PSICOLOGIA EM REVISTA (IMPRESSA)	B3	
1677-7409	PSICOLOGIA HOSPITALAR	B4	
1678-7153	PSICOLOGIA: REFLEXÃO E CRÍTICA	B1	
0102-7972	PSICOLOGIA: REFLEXÃO E CRÍTICA (UFRGS. IMPRESSO)	B1	
1645-0086	PSICOLOGIA, SAÚDE & DOENÇAS	B2	
2182-8407	PSICOLOGIA, SAÚDE & DOENÇAS	B2	
1806-3446	PSICOLOGIA: TEORIA E PESQUISA (BRASÍLIA. ONLINE)	B1	
0102-3772	PSICOLOGIA: TEORIA E PESQUISA (UNB. IMPRESSO)	B1	
1516-3687	PSICOLOGIA: TEORIA E PRÁTICA (IMPRESSO)	B3	
1678-5177	PSICOLOGIA USP	B2	
0103-6564	PSICOLOGIA USP (IMPRESSO)	B2	
1696-7240	PSICOONCOLOGÍA	B2	
0103-8486	PSICOPEDAGOGIA. ASSOCIAÇÃO BRASILEIRA DE PSICOPEDAGOGIA	B3	
1808-6225	PSICOPEDAGOGIA ON LINE	B5	
1413-8271	PSICO-USF	B2	
1413-8271	PSICO-USF (IMPRESSO)	B2	
0955-8829	PSYCHIATRIC GENETICS	B1	
1323-1316	PSYCHIATRY AND CLINICAL NEUROSCIENCES (CARLTON, VIC. PRINT)	B1	
0165-1781	PSYCHIATRY RESEARCH (PRINT)	A2	
0340-0727	PSYCHOLOGICAL RESEARCH (PRINT)	B1	
1984-3054	PSYCHOLOGY & NEUROSCIENCE (IMPRESSO)	B2	
1983-3288	PSYCHOLOGY & NEUROSCIENCE (ONLINE)	B2	
2182-438X	PSYCHOLOGY, COMMUNITY & HEALTH	B4	
1354-8506	PSYCHOLOGY, HEALTH & MEDICINE	B1	
2152-7180	PSYCHOLOGY (IRVINE)	C 	
2159-5550	PSYCHOLOGY RESEARCH	B5	
0033-3174	PSYCHOSOMATIC MEDICINE	A1	
0033-3190	PSYCHOTHERAPY AND PSYCHOSOMATICS	A1	
0033-3506	PUBLIC HEALTH (LONDON)	B1	
0737-1209	PUBLIC HEALTH NURSING (BOSTON, MASS.)	A1	
1475-2727	PUBLIC HEALTH NUTRITION	A2	
1368-9800	PUBLIC HEALTH NUTRITION (WALLINGFORD)	A2	
1055-3037	PUBLIC POLICY & AGING REPORT	B5	
1809-0273	PUBLICATIO UEPG. CIÊNCIAS BIOLÓGICAS E DA SAÚDE (ONLINE)	B4	
2177-5796	QUAESTIO: REVISTA DE ESTUDOS DE EDUCAÇÃO	B4	
2177-5796	QUAESTIO: REVISTA DE ESTUDOS EM EDUCAÇÃO	B4	
1049-7323	QUALITATIVE HEALTH RESEARCH	A2	
1468-7941	QUALITATIVE RESEARCH	B1	
1479-1072	QUALITY IN PRIMARY CARE (PRINT)	C 	
0962-9343	QUALITY OF LIFE RESEARCH	A2	
1415-6555	RAC. REVISTA DE ADMINISTRAÇÃO CONTEMPORÂNEA (IMPRESSO)	B2	
1982-7849	RAC. REVISTA DE ADMINISTRAÇÃO CONTEMPORÂNEA (ONLINE)	B2	
1983-5205	RAHIS. REVISTA DE ADMINISTRAÇÃO HOSPITALAR E INOVAÇÃO EM SAÚDE	B4	
1519-1672	RAS. REVISTA DE ADMINISTRAÇÃO EM SAÚDE	B4	
1984-6142	RAUSP - REVISTA DE ADMINISTRAÇÃO (SÃO PAULO. ONLINE)	B2	
1980-6949	RBBD. REVISTA BRASILEIRA DE BIBLIOTECONOMIA E DOCUMENTAÇÃO (ONLINE)	B4	
2317-6695	RBCEH. REVISTA BRASILEIRA DE CIÊNCIAS DO ENVELHECIMENTO HUMANO	B5	
0034-7264	RBM. REVISTA BRASILEIRA DE MEDICINA (RIO DE JANEIRO)	B2	
1981-9927	RBNE - REVISTA BRASILEIRA DE NUTRIÇÃO ESPORTIVA	B2	
2318-0897	RCM. REVISTA DE CIÊNCIAS MÉDICAS	B3	
1413-2311	READ. REVISTA ELETRÔNICA DE ADMINISTRAÇÃO	B2	
1413-2311	READ. REVISTA ELETRÔNICA DE ADMINISTRAÇÃO (PORTO ALEGRE. ONLINE)	B2	
0101-8434	REB. REVISTA ECLESIASTICA BRASILEIRA	B4	
0034-7167	REBEN - REVISTA BRASILEIRA DE ENFERMAGEM	A2	
0297-2964	RECHERCHE EN SOINS INFIRMIERS	B1	
1981-6278	RECIIS. REVISTA ELETRÔNICA DE COMUNICAÇÃO, INFORMAÇÃO & INOVAÇÃO EM SAÚDE (EDIÇÃO EM PORTUGUÊS. ONLINE)	B4	
2236-6091	RECOM - REVISTA DE ENFERMAGEM DO CENTRO OESTE MINEIRO	B2	
1982-6451	REDE DE CUIDADOS EM SAÚDE	B4	
1414-7106	REDES (SANTA CRUZ DO SUL. IMPRESSO)	B4	
1982-9949	REFLEXÃO E AÇÃO (ONLINE)	B4	
1809-2276	REGE. REVISTA DE GESTÃO USP	B4	
0278-4807	REHABILITATION NURSING	A1	
1984-0438	RELIGIÃO & SOCIEDADE	B2	
2077-1444	RELIGIONS	B2	
2316-9389	REME - REVISTA MINEIRA DE ENFERMAGEM (ONLINE)	B1	
1415-2762	REME. REVISTA MINEIRA DE ENFERMAGEM	B1	
1679-1916	RENOTE. REVISTA NOVAS TECNOLOGIAS NA EDUCAÇÃO	B4	
1742-4755	REPRODUCTIVE HEALTH	B1	
1442-2018	RESEARCH & REVIEWS: JOURNAL OF NURSING AND HEALTH SCIENCES	A1	
1179-9935	RESEARCH AND REPORTS IN NEONATOLOGY	C 	
1945-7286	RESEARCH AND THEORY FOR NURSING PRACTICE (ON LINE)	A1	
0160-6891	RESEARCH IN NURSING & HEALTH (PRINT)	A1	
0020-1324	RESPIRATORY CARE	A2	
2211-2839	RESULTS IN IMMUNOLOGY	B2	
0300-9572	RESUSCITATION (LONDON, PRINT)	A1	
1984-753X	RETEP - REVISTA TENDÊNCIAS DA ENFERMAGEM PROFISSIONAL	B4	
1984-753X	RETEP. REVISTA DE TENDÊNCIAS DA ENFERMAGEM PROFISSIONAL (IMPRESSO)	B4	
2238-7234	REUFPI - REVISTA DE ENFERMAGEM DA UFPI	B4	
2175-3598	REV BRAS CRESCIMENTO DESENVOLVIMENTO HUMANO	B2	
1981-8963	REV. ENFERM. UFPE ON LINE	B2	
2236-6288	REV PESQ SAUDE	B4	
2175-6783	REV RENE	B1	
1517-3852	REV RENE	B1	
1517-3852	REV RENE: REVISTA DA REDE DE ENFERMAGEM DO NORDESTE	B1	
2448-2307	REVISTA ACADÊMICA	B5	
2448-2307	REVISTA ACADÊMICA	B5	
2176-7939	REVISTA ACADÊMICA DA ESMP-CE	B5	
2237-5643	REVISTA ACREDITAÇÃO	B4	
1983-6929	REVISTA AMAZONENSE DE GERIATRIA E GERONTOLOGIA	B5	
1888-7546	REVISTA ANDALUZA DE MEDICINA DEL DEPORTE	B2	
2447-3618	REVISTA APROXIMANDO	B5	
1514-2566	REVISTA AULA UNIVERSITARIA	B4	
2178-8650	REVISTA BAIANA DE ENFERMAGEM	B2	
0102-5430	REVISTA BAIANA DE ENFERMAGEM	B2	
2178-8650	REVISTA BAIANA DE ENFERMAGEM (ONLINE)	B2	
0100-0233	REVISTA BAIANA DE SAÚDE PUBLICA	B3	
0100-0233	REVISTA BAIANA DE SAÚDE PÚBLICA	B3	
0100-0233	REVISTA BAIANA DE SAÚDE PÚBLICA	B3	
2318-2660	REVISTA BAIANA DE SAÚDE PÚBLICA (ONLINE)	B3	
2316-1205	REVISTA BINACIONAL BRASIL ARGENTINA	B4	
2175-3393	REVISTA BIOETHIKOS	B4	
1983-8034	REVISTA BIOETICA - CONSELHO FEDERAL DE MEDICINA	B2	
2445-0812	REVISTA BIOÉTICA COMPLUTENSE	B5	
1983-8042	REVISTA BIOÉTICA (IMPRESSO)	B2	
1983-8034	REVISTA BIOÉTICA (ONLINE)	B2	
0370-369X	REVISTA BRASILEIRA DE ANÁLISES CLÍNICAS	B3	
0034-7094	REVISTA BRASILEIRA DE ANESTESIOLOGIA (IMPRESSO)	B1	
1413-3482	REVISTA BRASILEIRA DE ATIVIDADE FÍSICA E SAÚDE	B3	
1679-2343	REVISTA BRASILEIRA DE BIOCIÊNCIAS	B4	
1518-8191	REVISTA BRASILEIRA DE BIOMECÂNICA	B4	
1518-8191	REVISTA BRASILEIRA DE BIOMECÂNICA (IMPRESSO)	B4	
1983-0823	REVISTA BRASILEIRA DE BIOMETRIA	B5	
2176-9745	REVISTA BRASILEIRA DE CANCEROLOGIA	B3	
2176-9745	REVISTA BRASILEIRA DE CANCEROLOGIA	B3	
2177-6024	REVISTA BRASILEIRA DE CARDIOLOGIA	B5	
0104-1843	REVISTA BRASILEIRA DE CARDIOLOGIA INVASIVA	B2	
2177-7772	REVISTA BRASILEIRA DE CARDIOLOGIA (ONLINE)	B5	
0103-1716	REVISTA BRASILEIRA DE CIÊNCIA E MOVIMENTO	B3	
2176-9478	REVISTA BRASILEIRA DE CIÊNCIAS AMBIENTAIS (ONLINE)	B5	
1415-2177	REVISTA BRASILEIRA DE CIÊNCIAS DA SAÚDE	B3	
1415-2177	REVISTA BRASILEIRA DE CIÊNCIAS DA SAÚDE	B3	
2178-0137	REVISTA BRASILEIRA DE CIÊNCIAS DA SAÚDE	B3	
1678-054X	REVISTA BRASILEIRA DE CIÊNCIAS DA SAÚDE (IMES)	B3	
0101-3289	REVISTA BRASILEIRA DE CIÊNCIAS DO ESPORTE	B2	
2179-3255	REVISTA BRASILEIRA DE CIÊNCIAS DO ESPORTE (ONLINE)	B2	
1415-8426	REVISTA BRASILEIRA DE CINEANTROPOMETRIA & DESEMPENHO HUMANO (IMPRESSO)	B1	
1415-8426	REVISTA BRASILEIRA DE CINEANTROPOMETRIA & DESEMPENHO HUMANO (ONLINE)	B1	
0102-7638	REVISTA BRASILEIRA DE CIRURGIA CARDIOVASCULAR (IMPRESSO)	B1	
1983-5175	REVISTA BRASILEIRA DE CIRURGIA PLÁSTICA	B2	
2177-1235	REVISTA BRASILEIRA DE CIRURGIA PLÁSTICA (ONLINE)	B2	
2175-3598	REVISTA BRASILEIRA DE CRESCIMENTO E DESENVOLVIMENTO HUMANO	B2	
0104-1282	REVISTA BRASILEIRA DE CRESCIMENTO E DESENVOLVIMENTO HUMANO	B2	
0104-1282	REVISTA BRASILEIRA DE CRESCIMENTO E DESENVOLVIMENTO HUMANO (IMPRESSO)	B2	
0100-2589	REVISTA BRASILEIRA DE DIREITO PROCESSUAL (IMPRESSO)	B4	
1809-449X	REVISTA BRASILEIRA DE EDUCAÇÃO	B2	
1413-6538	REVISTA BRASILEIRA DE EDUCAÇÃO ESPECIAL	B2	
1980-5470	REVISTA BRASILEIRA DE EDUCAÇÃO ESPECIAL	B2	
1981-4690	REVISTA BRASILEIRA DE EDUCACAO FISICA E ESPORTE	B2	
0100-5502	REVISTA BRASILEIRA DE EDUCAÇÃO MÉDICA (IMPRESSO)	B2	
1981-5271	REVISTA BRASILEIRA DE EDUCAÇÃO MÉDICA (ONLINE)	B2	
1984-0446	REVISTA BRASILEIRA DE ENFERMAGEM	A2	
0034-7167	REVISTA BRASILEIRA DE ENFERMAGEM	A2	
0034-7167	REVISTA BRASILEIRA DE ENFERMAGEM (IMPRESSO)	A2	
1415-790X	REVISTA BRASILEIRA DE EPIDEMIOLOGIA	B1	
1415-790X	REVISTA BRASILEIRA DE EPIDEMIOLOGIA	B1	
1980-5497	REVISTA BRASILEIRA DE EPIDEMIOLOGIA	B1	
1415-790X	REVISTA BRASILEIRA DE EPIDEMIOLOGIA (IMPRESSO)	B1	
1415-790X	REVISTA BRASILEIRA DE EPIDEMIOLOGIA (IMPRESSO)	B1	
2179-5924	REVISTA BRASILEIRA DE FARMACIA HOSPITALAR E SERVIÇOS DE SAÚDE	B5	
2179-5924	REVISTA BRASILEIRA DE FARMÁCIA HOSPITALAR E SERVIÇOS DE SAÚDE	B5	
2176-0667	REVISTA BRASILEIRA DE FARMÁCIA (ON LINE)	B5	
1981-528X	REVISTA BRASILEIRA DE FARMACOGNOSIA	B2	
1677-8510	REVISTA BRASILEIRA DE FISIOLOGIA DO EXERCÍCIO	B5	
1413-3555	REVISTA BRASILEIRA DE FISIOTERAPIA (IMPRESSO)	B1	
1809-9246	REVISTA BRASILEIRA DE FISIOTERAPIA (ONLINE)	B1	
0100-2945	REVISTA BRASILEIRA DE FRUTICULTURA (IMPRESSO)	B1	
1981-2256	REVISTA BRASILEIRA DE GERIATRIA E GERONTOLOGIA	B2	
1981-2256	REVISTA BRASILEIRA DE GERIATRIA E GERONTOLOGIA	B2	
1809-9823	REVISTA BRASILEIRA DE GERIATRIA E GERONTOLOGIA (UNATI. IMPRESSO)	B2	
1806-9339	REVISTA BRASILEIRA DE GINECOLOGIA E OBSTETRÍCIA	B1	
0100-7203	REVISTA BRASILEIRA DE GINECOLOGIA E OBSTETRÍCIA (IMPRESSO)	B1	
1516-8484	REVISTA BRASILEIRA DE HEMATOLOGIA E HEMOTERAPIA	B1	
1516-8484	REVISTA BRASILEIRA DE HEMATOLOGIA E HEMOTERAPIA (IMPRESSO)	B1	
1806-0870	REVISTA BRASILEIRA DE HEMATOLOGIA E HEMOTERAPIA (ONLINE)	B1	
1519-7522	REVISTA BRASILEIRA DE HIPERTENSÃO	B3	
2236-1103	REVISTA BRASILEIRA DE INOVAÇÃO TECNOLOGICA EM SAÚDE	B4	
0104-8058	REVISTA BRASILEIRA DE MASTOLOGIA	B3	
1809-5909	REVISTA BRASILEIRA DE MEDICINA DA FAMÍLIA E COMUNIDADE	B3	
2179-7994	REVISTA BRASILEIRA DE MEDICINA DE FAMILIA E COMUNIDADE	B3	
1517-8692	REVISTA BRASILEIRA DE MEDICINA DO ESPORTE (IMPRESSO)	B1	
1806-9940	REVISTA BRASILEIRA DE MEDICINA DO ESPORTE (ONLINE)	B1	
2447-0147	REVISTA BRASILEIRA DE MEDICINA DO TRABALHO	B2	
1679-4435	REVISTA BRASILEIRA DE MEDICINA DO TRABALHO	B2	
2316-994X	REVISTA BRASILEIRA DE MUSICOTERAPIA	B4	
0103-7196	REVISTA BRASILEIRA DE NUTRIÇÃO CLÍNICA	B3	
1981-9927	REVISTA BRASILEIRA DE NUTRIÇÃO ESPORTIVA	B2	
1981-9919	REVISTA BRASILEIRA DE OBESIDADE, NUTRIÇÃO E EMAGRECIMENTO	B4	
2255-4971	REVISTA BRASILEIRA DE ORTOPEDIA	B2	
0102-3616	REVISTA BRASILEIRA DE ORTOPEDIA (IMPRESSO)	B2	
2446-5410	REVISTA BRASILEIRA DE PESQUISA EM SAÚDE	B3	
2175-3946	REVISTA BRASILEIRA DE PESQUISA EM SAÚDE	B3	
2175-3946	REVISTA BRASILEIRA DE PESQUISA EM SAÚDE	B3	
1983-084X	REVISTA BRASILEIRA DE PLANTAS MEDICINAIS	B1	
1516-0572	REVISTA BRASILEIRA DE PLANTAS MEDICINAIS (IMPRESSO)	B1	
1678-166X	REVISTA BRASILEIRA DE POLÍTICA E ADMINISTRAÇÃO DA EDUCAÇÃO	B5	
1981-9900	REVISTA BRASILEIRA DE PRESCRIÇÃO E FISIOLOGIA DO EXERCÍCIO	B4	
2318-0498	REVISTA BRASILEIRA DE PSICODRAMA	B3	
1809-452X	REVISTA BRASILEIRA DE PSIQUIATRIA	B1	
1516-4446	REVISTA BRASILEIRA DE PSIQUIATRIA (SÃO PAULO. 1999. IMPRESSO)	B1	
2175-0858	REVISTA BRASILEIRA DE QUALIDADE DE VIDA	B4	
1982-1883	REVISTA BRASILEIRA DE QUEIMADURAS	B3	
2255-5021	REVISTA BRASILEIRA DE REUMATOLOGIA	B1	
0482-5004	REVISTA BRASILEIRA DE REUMATOLOGIA (IMPRESSO)	B1	
1518-2355	REVISTA BRASILEIRA DE SAÚDE DA FAMÍLIA (BRASÍLIA)	B5	
2358-8691	REVISTA BRASILEIRA DE SAÚDE FUNCIONAL ? REBRASF	B4	
1519-3829	REVISTA BRASILEIRA DE SAÚDE MATERNO INFANTIL	B1	
1806-9304	REVISTA BRASILEIRA DE SAÚDE MATERNO INFANTIL	B1	
1519-3829	REVISTA BRASILEIRA DE SAÚDE MATERNO INFANTIL (IMPRESSO)	B1	
0303-7657	REVISTA BRASILEIRA DE SAÚDE OCUPACIONAL	B2	
0303-7657	REVISTA BRASILEIRA DE SAÚDE OCUPACIONAL	B2	
2317-6369	REVISTA BRASILEIRA DE SAÚDE OCUPACIONAL	B2	
0103-6122	REVISTA BRASILEIRA DE SEXUALIDADE HUMANA	B5	
1982-4335	REVISTA BRASILEIRA DE TERAPIA INTENSIVA	B2	
0103-507X	REVISTA BRASILEIRA DE TERAPIA INTENSIVA (IMPRESSO)	B2	
1806-1230	REVISTA BRASILEIRA EM PROMOÇÃO DA SAÚDE (ONLINE)	B3	
1806-1222	REVISTA BRASILEIRA EM PROMOÇÃO DA SAÚDE (PRINT)	B3	
2236-5117	REVISTA BRASÍLIA MÉDICA	B4	
1982-0216	REVISTA CEFAC	B2	
1516-1846	REVISTA CEFAC (IMPRESSO)	B2	
1982-0216	REVISTA CEFAC (ONLINE)	B2	
0719-7551	REVISTA CHILENA DE DERECHO DEL TRABAJO Y DE LA SEGURIDAD SOCIAL	B5	
0716-1018	REVISTA CHILENA DE INFECTOLOGÍA (IMPRESA)	B1	
0716-4491	REVISTA CHILENA DE NEUROCIRUGÍA	B3	
0716-1549	REVISTA CHILENA DE NUTRICIÓN (IMPRESA)	B2	
0717-6767	REVISTA CHILENA DE TERAPIA OCUPACIONAL	B3	
1984-4271	REVISTA CIÊNCIA & DESENVOLVIMENTO	B4	
2447-2301	REVISTA CIÊNCIA & SABERES - FACEMA	B4	
2358-3134	REVISTA CIÊNCIA E ESTUDOS ACADÊMICOS DE MEDICINA	B5	
1980-0622	REVISTA CIÊNCIA E SAÚDE	B5	
2448-3036	REVISTA CIÊNCIA E SAÚDE ON-LINE	B5	
1679-4605	REVISTA CIÊNCIA EM EXTENSÃO	B4	
2179-9962	REVISTA CIÊNCIAS DO AMBIENTE ON-LINE	B5	
2236-3785	REVISTA CIÊNCIAS EM SAÚDE	B4	
2179-4200	REVISTA CIENTÍFICA DA FACULDADE DE EDUCAÇÃO E MEIO AMBIENTE	B4	
2237-6003	REVISTA CIENTÍFICA DO CENTRO UNIVERSITÁRIO CLARETIANO	B5	
1516-4071	REVISTA CIENTÍFICA DO CENTRO UNIVERSITÁRIO DE BARRA MANSA	B4	
1983-6708	REVISTA CIENTIFICA DO ITPAC	B4	
2238-8427	REVISTA CIENTÍFICA FACMAIS	B5	
1981-9269	REVISTA COCAR (UEPA)	B4	
2176-9133	REVISTA COGITARE ENFERMAGEM	B1	
2238-7315	REVISTA CONEXÃO UEPG	B4	
1676-188X	REVISTA CONTEXTO & SAÚDE	B4	
2176-7114	REVISTA CONTEXTO & SAÚDE	B4	
2176-7114	REVISTA CONTEXTO & SAÚDE (ONLINE)	B4	
2178-7514	REVISTA CPAQV	B4	
1561-2961	REVISTA CUBANA DE ENFERMERIA	B1	
1561-2961	REVISTA CUBANA DE ENFERMERÍA	B1	
0864-0319	REVISTA CUBANA DE ENFERMERÍA (IMPRESA)	B1	
0034-7523	REVISTA CUBANA DE MEDICINA (IMPRESA)	B2	
2316-9060	REVISTA CULTURA E EXTENSÃO USP	B4	
1679-5954	REVISTA DA ABENO	B5	
1809-6867	REVISTA DA ABORDAGEM GESTÁLTICA (IMPRESSO)	B2	
2177-2770	REVISTA DA ASSOCIAÇÃO BRASILEIRA DE PESQUISADORES/AS NEGROS/AS	B5	
2177-2770	REVISTA DA ASSOCIAÇÃO BRASILEIRA DE PESQUISADORES(AS) NEGROS(AS) - ABPN	B5	
0104-4230	REVISTA DA ASSOCIAÇÃO MÉDICA BRASILEIRA	B1	
1806-9282	REVISTA DA ASSOCIAÇÃO MÉDICA BRASILEIRA	B1	
0104-4230	REVISTA DA ASSOCIAÇÃO MÉDICA BRASILEIRA (1992. IMPRESSO)	B1	
0103-3948	REVISTA DA EDUCAÇÃO FÍSICA (UEM. IMPRESSO)	B2	
1983-3083	REVISTA DA EDUCAÇÃO FÍSICA (UEM. ONLINE)	B2	
1980-220X	REVISTA DA ESCOLA DE ENFERMAGEM DA USP	A2	
0080-6234	REVISTA DA ESCOLA DE ENFERMAGEM DA USP	A2	
1980-220X	REVISTA DA ESCOLA DE ENFERMAGEM DA USP (ONLINE)	A2	
2238-0167	REVISTA DA EXTENSÃO DA UFRGS	B5	
1413-4012	REVISTA DA FACULDADE DE ODONTOLOGIA. UNIVERSIDADE DE PASSO FUNDO	B4	
2175-6783	REVISTA DA REDE DE ENFERMAGEM DO NORDESTE - REV RENE	B1	
1516-0858	REVISTA DA SBPH (BELO HORIZONTE. IMPRESSO)	B4	
1679-1010	REVISTA DA SOCIEDADE BRASILEIRA DE CLÍNICA MÉDICA	B3	
1679-1010	REVISTA DA SOCIEDADE BRASILEIRA DE CLÍNICA MÉDICA	B3	
1676-3793	REVISTA DA SOCIEDADE BRASILEIRA DE ENFERMEIROS PEDIATRAS	B2	
2238-202X	REVISTA DA SOCIEDADE BRASILEIRA DE ENFERMEIROS PEDIATRAS	B2	
0037-8682	REVISTA DA SOCIEDADE BRASILEIRA DE MEDICINA TROPICAL (IMPRESSO)	B1	
0103-8559	REVISTA DA SOCIEDADE DE CARDIOLOGIA DO ESTADO DE SAO PAULO	B3	
7259-4187	REVISTA DA SOCIEDADE DE CARDIOLOGIA DO ESTADO DE SÃO PAULO	B3	
2318-9983	REVISTA DA SORBI	B4	
1677-2970	REVISTA DA SPAGESP	B3	
2236-5362	REVISTA DA UNIVERSIDADE VALE DO RIO VERDE	B4	
1517-0276	REVISTA DA UNIVERSIDADE VALE DO RIO VERDE	B4	
2359-5272	REVISTA DE ADMINISTRAÇÃO DOM ALBERTO	B5	
0034-7612	REVISTA DE ADMINISTRAÇÃO PÚBLICA (IMPRESSO)	B2	
1678-9857	REVISTA DE ANTROPOLOGIA - USP	B2	
1516-7704	REVISTA DE APS (IMPRESSO)	B2	
1809-8363	REVISTA DE APS (ONLINE)	B2	
2178-9789	REVISTA DE ARTETERAPIA DA AATESP	B5	
2359-4330	REVISTA DE ATENÇÃO À SAÚDE	B4	
1886-5887	REVISTA DE BIOETICA Y DERECHO	B2	
1679-1983	REVISTA DE CIÊNCIAS DA SAÚDE NOVA ESPERANÇA	B4	
0719-4013	REVISTA DE CIENCIAS DE LA ACTIVIDAD FÍSICA	B5	
1808-4532	REVISTA DE CIÊNCIAS FARMACÊUTICAS BÁSICA E APLICADA	B2	
1808-4532	REVISTA DE CIÊNCIAS FARMACÊUTICAS BÁSICA E APLICADA	B2	
1415-5796	REVISTA DE CIÊNCIAS MÉDICAS (PUCCAMP)	B3	
2175-6805	REVISTA DE CULTURA E EXTENSÃO	B4	
1516-4179	REVISTA DE DIREITO SANITÁRIO	B3	
1982-7660	REVISTA DE EDUCAÇÃO POPULAR	B4	
0104-5962	REVISTA DE EDUCAÇÃO PÚBLICA (UFMT)	B4	
2446-5739	REVISTA DE ENFERMAGEM DA UFJF	B5	
1981-8963	REVISTA DE ENFERMAGEM DA UFPE ON LINE - REUOL	B2	
2238-7234	REVISTA DE ENFERMAGEM DA UFPI	B4	
2238-7234	REVISTA DE ENFERMAGEM DA UFPI	B4	
2238-7234	REVISTA DE ENFERMAGEM DA UFPI (REUFPI)	B4	
2179-7692	REVISTA DE ENFERMAGEM DA |UFSM	B2	
2179-7692	REVISTA DE ENFERMAGEM DA UFSM	B2	
2179-7692	REVISTA DE ENFERMAGEM DA UFSM	B2	
2179-7692	REVISTA DE ENFERMAGEM DA UFSM	B2	
2179-7692	REVISTA DE ENFERMAGEM DA UFSM (REUFSM)	B2	
2179-7692	REVISTA DE ENFERMAGEM DA UNIVERSIDADE FEDERAL DE SANTA MARIA	B2	
2236-6091	REVISTA DE ENFERMAGEM DO CENTRO OESTE MINEIRO (RECOM)	B2	
2236-6091	REVISTA DE ENFERMAGEM DO CENTRO-OESTE MINEIRO (RECOM)	B2	
2317-1154	REVISTA DE ENFERMAGEM E ATENÇÃO À SAÚDE	B3	
2317-1154	REVISTA DE ENFERMAGEM E ATENÇÃO À SAÚDE	B3	
1808-4346	REVISTA DE ENFERMAGEM (FREDERICO WESTPHALEN)	B4	
0874-0283	REVISTA DE ENFERMAGEM REFERÊNCIA	B2	
1981-8963	REVISTA DE ENFERMAGEM UFPE ON LINE	B2	
1981-8963	REVISTA DE ENFERMAGEM UFPE ON LINE	B2	
1981-8963	REVISTA DE ENFERMAGEM UFPEW ON-LINE	B2	
2176-7270	REVISTA DE ENGENHARIA E TECNOLOGIA	B4	
2238-3360	REVISTA DE EPIDEMIOLOGIA E CONTROLE DE INFECÇÃO	B4	
2238-3360	REVISTA DE EPIDEMIOLOGIA E CONTROLE DE INFECÇÃO	B4	
2359-3679	REVISTA DE ESTUDIOS SARAMAGUIANOS	C 	
0034-8376	REVISTA DE INVESTIGACIÓN CLÍNICA	B1	
0124-793X	REVISTA DE INVESTIGACIONES UNAD	B4	
0375-1066	REVISTA DE LA FACULTAD DE CIENCIAS MÉDICAS, UNIVERSIDAD CENTRAL DEL ECUADOR	B5	
0120-0011	REVISTA DE LA FACULTAD DE MEDICINA	B2	
0120-386X	REVISTA DE LA FACULTAD NACIONAL DE SALUD PUBLICA	B2	
0100-1302	REVISTA DE MEDICINA DA UNIVERSIDADE FEDERAL DO CEARÁ	B4	
2238-5339	REVISTA DE MEDICINA E SAÚDE DE BRASÍLIA	B4	
1679-9836	REVISTA DE MEDICINA (SÃO PAULO. ONLINE)	B3	
0034-8554	REVISTA DE MEDICINA (USP)	B3	
0104-3579	REVISTA DE NEUROCIÊNCIAS (EPM. IMPRESSO)	B2	
1678-9865	REVISTA DE NUTRIÇÃO	B1	
0103-1627	REVISTA DE NUTRIÇÃO DA PUCCAMP	B4	
1415-5273	REVISTA DE NUTRIÇÃO (IMPRESSO)	B1	
0301-0406	REVISTA DE PATOLOGIA TROPICAL (IMPRESSO)	B3	
1980-8178	REVISTA DE PATOLOGIA TROPICAL (ONLINE)	B3	
1809-6107	REVISTA DE PESQUISA: CUIDADO É FUNDAMENTAL	B2	
2175-5361	REVISTA DE PESQUISA: CUIDADO É FUNDAMENTAL	B2	
1809-6107	REVISTA DE PESQUISA: CUIDADO É FUNDAMENTAL	B2	
2175-5361	REVISTA DE PESQUISA: CUIDADO E FUNDAMENTAL (ONLINE)	B2	
2175-5361	REVISTA DE PESQUISA: CUIDADO É FUNDAMENTAL (ONLINE)	B2	
2175-5361	REVISTA DE PESQUISA CUIDADO É FUNDAMENTAL ONLINE	B2	
2176-9532	REVISTA DE PESQUISA E INOVAÇÃO FARMACÊUTICA	B5	
2236-6288	REVISTA DE PESQUISA EM SAÚDE	B4	
2236-6288	REVISTA DE PESQUISA EM SAÚDE	B4	
2236-6288	REVISTA DE PESQUISA EM SAÚDE / JOURNAL OF HEALTH RESEARCH	B4	
2178-2865	REVISTA DE POLITICAS PÚBLICAS DA UFMA	B4	
0104-8740	REVISTA DE POLITICAS PUBLICAS (UFMA)	B4	
1980-6906	REVISTA DE PSICOLOGIA : TEORIA E PRÁTICA (ONLINE)	B3	
2175-5027	REVISTA DE PSICOLOGIA DA IMED	B4	
0101-6083	REVISTA DE PSIQUIATRIA CLÍNICA (SÃO PAULO. IMPRESSO)	B1	
0124-0064	REVISTA DE SALUD PUBLICA	B1	
1983-1803	REVISTA DE SAÚDE	C 	
1677-7522	REVISTA DE SAÚDE COLETIVA DA UEFS	B5	
2358-7202	REVISTA DE SAÚDE DA AJES	B5	
2318-7700	REVISTA DE SAÚDE DOM ALBERTO	B5	
2175-1323	REVISTA DE SAÚDE PÚBLICA DE SANTA CATARINA	B5	
0034-8910	REVISTA DE SAÚDE PÚBLICA (IMPRESSO)	A2	
1518-8787	REVISTA DE SAÚDE PÚBLICA (ONLINE)	A2	
1518-8787	REVISTA DE SAÚDE PÚBLICA (ONLINE)	A2	
0034-8910	REVISTA DE SAÚDE PÚBLICA (USP. IMPRESSO)	A2	
0034-8910	REVISTA DE SAÚDE PÚBLICA (USP. IMPRESSO)	A2	
1415-9104	REVISTA DE TERAPIA OCUPACIONAL DA UNIVERSIDADE DE SÃO PAULO	B3	
2238-6149	REVISTA DE TERAPIA OCUPACIONAL DA UNIVERSIDADE DE SÃO PAULO	B3	
2179-1589	REVISTA DE TRABALHOS ACADÊMICOS	B5	
2238-7374	REVISTA DIÁLOGOS ACADÊMICOS	B5	
1982-0496	REVISTA DIREITOS FUNDAMENTAIS & DEMOCRACIA (UNIBRASIL)	B4	
2176-2724	REVISTA DISTURBIOS DA COMUNICAÇÃO	B3	
0100-6991	REVISTA DO COLÉGIO BRASILEIRO DE CIRURGIÕES (IMPRESSO)	B1	
1809-4546	REVISTA DO COLÉGIO BRASILEIRO DE CIRURGIÕES (ONLINE)	B1	
0073-9855	REVISTA DO INSTITUTO ADOLFO LUTZ (IMPRESSO)	B3	
0104-1894	REVISTA DO INSTITUTO DE CIENCIAS DA SAUDE (UNIP)	B4	
0100-3674	REVISTA DO INSTITUTO DE LATICÍNIOS CÂNDIDO TOSTES	B4	
1678-9946	REVISTA DO INSTITUTO DE MEDICINA TROPICAL DE SÃO PAULO	B1	
0036-4665	REVISTA DO INSTITUTO DE MEDICINA TROPICAL DE SÃO PAULO (IMPRESSO)	B1	
2237-5864	REVISTA DOCÊNCIA DO ENSINO SUPERIOR	B4	
1806-0013	REVISTA DOR	B2	
1806-0013	REVISTA DOR	B2	
2318-4922	REVISTA E-CIÊNCIA	B4	
1809-3876	REVISTA E-CURRICULUM (PUCSP)	B5	
2358-4521	REVISTA EDUC- FACULDADE DE DUQUE DE CAXIAS	B5	
1984-3178	REVISTA EDUCAÇÃO, ARTES E INCLUSÃO	B4	
1981-1802	REVISTA EDUCAÇÃO EM QUESTÃO (ONLINE)	B4	
1984-686X	REVISTA EDUCAÇÃO ESPECIAL	B4	
1984-686X	REVISTA EDUCAÇÃO ESPECIAL (ONLINE)	B4	
1808-270X	REVISTA EDUCAÇÃO ESPECIAL (UFSM)	B4	
1980-6469	REVISTA EDUCAÇÃO (GUARULHOS)	B4	
1886-8924	REVISTA ELECTRÓNICA DE PORTALESMEDICOS.COM	B4	
2178-2091	REVISTA ELETRÔNICA ACERVO EM SAÚDE	B4	
2178-2091	REVISTA ELETRÔNICA ACERVO SAÚDE	B4	
1983-4225	REVISTA ELETRÔNICA DA FACULDADE DE DIREITO DE FRANCA	B5	
1982-7199	REVISTA ELETRÔNICA DE EDUCAÇÃO (SÃO CARLOS)	B4	
1518-1944	REVISTA ELETRÔNICA DE ENFERMAGEM	B1	
2238-2216	REVISTA ELETRÔNICA DE PESQUISA DA UNIRP - UNIVERSITAS	B5	
2236-2150	REVISTA ELETRÔNICA DEBATES EM EDUCAÇÃO CIENTÍFICA E TECNOLÓGICA	B5	
1983-1617	REVISTA ELETRÔNICA ESTÁCIO SAÚDE	B4	
1982-4785	REVISTA ELETRÔNICA GESTÃO & SAÚDE	B4	
2238-1910	REVISTA ELETRÔNICA SCIENTIA AMAZÔNIA	B4	
1982-7687	REVISTA EM EXTENSÃO (ONLINE)	B4	
2447-2034	REVISTA ENFERMAGEM ATUAL IN DERME	B2	
2317-3378	REVISTA ENFERMAGEM CONTEMPORÂNEA	B5	
1984-7602	REVISTA ENFERMAGEM INTEGRADA	B5	
2357-7444	REVISTA ENFERMAGEM PROFISSIONAL	B5	
0104-3552	REVISTA ENFERMAGEM (UERJ)	B1	
0104-3552	REVISTA ENFERMAGEM UERJ	B1	
1998-5487	REVISTA ENFERMERÍA HEREDIANA	B3	
1998-5487	REVISTA ENFERMERÍA HEREDIANA	B3	
2236-9538	REVISTA ESPAÇO CIENTÍFICO LIVRE	B5	
1983-1692	REVISTA ESTÁCIO SAÚDE (IMPRESSO)	B4	
2357-8483	REVISTA EXPRESSÃO CATÓLICA	B5	
2236-6784	REVISTA EXTENSÃO	B5	
2316-400X	REVISTA EXTENSÃO EM AÇÃO	B4	
2446-5151	REVISTA EXTENSIVA	B5	
2318-8413	REVISTA FAMÍLIA, CICLOS DE VIDA E SAÚDE NO CONTEXTO SOCIAL	B4	
1982-9671	REVISTA FERIDAS, OSTOMIAS & CIA...	C 	
2237-3853	REVISTA FLUMINENSE DE EXTENSÃO UNIVERSITÁRIA	B5	
2236-5109	REVISTA FOCANDO A EXTENSÃO	B5	
1982-3916	REVISTA FÓRUM IDENTIDADES	B5	
1984-8226	REVISTA FRONTEIRAS (ONLINE)	B4	
1983-1447	REVISTA GAÚCHA DE ENFERMAGEM	B1	
1983-1447	REVISTA GAÚCHA DE ENFERMAGEM	B1	
1983-1447	REVISTA GAUCHA DE ENFERMAGEM ( VERSÃO ON-LINE)	B1	
1983-1447	REVISTA GAÚCHA DE ENFERMAGEM (ONLINE)	B1	
0102-6933	REVISTA GAÚCHA DE ENFERMAGEM (UFRGS)	B1	
0102-6933	REVISTA GAÚCHA DE ENFERMAGEM (UFRGS. IMPRESSO)	B1	
1982-4785	REVISTA GESTÃO & SAÚDE (BRASÍLIA)	B4	
1984-8153	REVISTA GESTÃO & SAÚDE (CURITIBA)	B5	
2177-6652	REVISTA GESTÃO & TECNOLOGIA	B5	
1677-9762	REVISTA GESTÃO E CONHECIMENTO	B5	
0034-9585	REVISTA GOIANA DE MEDICINA	B4	
2316-2007	REVISTA GUARÁ	B4	
1983-5485	REVISTA HCPA (ONLINE)	B4	
0101-5575	REVISTA HCPA (UFRGS. IMPRESSO)	B4	
1980-2536	REVISTA HISPECI & LEMA (ONLINE)	B5	
1676-2584	REVISTA HISTEDBR ON-LINE	B4	
1676-8280	REVISTA HOSPITAL UNIVERSITÁRIO PEDRO ERNESTO (IMPRESSO)	B4	
1983-2567	REVISTA HOSPITAL UNIVERSITÁRIO PEDRO ERNESTO (ONLINE)	B4	
2174-6915	REVISTA IBEROAMERICANA DE EDUCACIÓN E INVESTIGACIÓN EN ENFERMERÍA	B4	
2174-6915	REVISTA IBEROAMERICANA DE EDUCACIÓN E INVESTIGACIÓN EN ENFERMERÍA	B4	
1982-5587	REVISTA IBERO-AMERICANA DE ESTUDOS EM EDUCAÇÃO	B4	
2446-8606	REVISTA IBERO-AMERICANA DE ESTUDOS EM EDUCAÇÃO	B4	
1989-0397	REVISTA IBEROAMERICANA DE EVALUACIÓN EDUCATIVA	B4	
2182-4185	REVISTA IBEROAMERICANA DE SALUD Y CIUDADANÍA IBEROAMERICAN JOURNAL OF HEALTH AND CITIZENSHIP	B4	
2183-6663	REVISTA IBERO-AMERICANA DE SAÚDE E ENVELHECIMENTO	B4	
2175-537X	REVISTA INSPIRAR	B2	
1983-9413	REVISTA INTERDISCIPLINAR	B4	
2238-832X	REVISTA INTERDISCIPLINAR DE ESTUDOS EM SAÚDE	B4	
2317-5079	REVISTA INTERDISCIPLINAR (ONLINE)	B4	
2317-5079	REVISTA INTERDISCIPLINAR (ONLINE)	B4	
1577-0354	REVISTA INTERNACIONAL DE MEDICINA Y CIENCIAS DE LA ACTIVIDAD FÍSICA Y DEL DEPORTE	B1	
0874-7695	REVISTA INVESTIGAÇÃO EM ENFERMAGEM	B4	
2183-539X	REVISTA JURÍDICA LUSO BRASILEIRA	B5	
1516-2567	REVISTA KAIRÓS	B3	
2176-901X	REVISTA KAIRÓS GERONTOLOGIA	B3	
2176-901X	REVISTA KAIRÓS (ONLINE)	B3	
1982-0259	REVISTA KATALYSIS	B2	
1657-4702	REVISTA LATINOAMERICANA DE BIOETICA	B2	
1518-8345	REVISTA LATINO-AMERICANA DE ENFERMAGEM (ONLINE)	A1	
0104-1169	REVISTA LATINO-AMERICANA DE ENFERMAGEM (RIBEIRÃO PRETO)	A1	
1518-8345	REVISTA LATINO-AMERICANA DE ENFERMAGEM (USP - RIBEIRÃO PRETO)	A1	
1665-2436	REVISTA LATINOAMERICANA DE INVESTIGACION EN MATEMATICA EDUCATIVA	B1	
2316-9923	REVISTA LOGOS E EXISTÊNCIA	B4	
1678-2577	REVISTA MACKENZIE DE EDUCAÇÃO FÍSICA E ESPORTE	B2	
2238-3182	REVISTA MÉDICA DE MINAS GERAIS	B3	
0103-880X	REVISTA MÉDICA DE MINAS GERAIS	B3	
1684-1824	REVISTA MÉDICA ELECTRÓNICA	B2	
1405-0315	REVISTA MEXICANA DE ENFERMERÍA CARDIOLOGICA	B1	
0104-8031	REVISTA MINEIRA DE EDUCACAO FISICA (UFV)	B4	
1984-4905	REVISTA NEUROCIÊNCIAS (ONLINE)	B2	
2317-3092	REVISTA NORTE MINEIRA DE ENFERMAGEM - RENOME	B5	
2176-6223	REVISTA PAN-AMAZÔNICA DE SAÚDE (ONLINE)	B4	
1807-3352	REVISTA PANAMERICANA DE INFECTOLOGÍA (ONLINE)	B5	
1020-4989	REVISTA PANAMERICANA DE SALUD PÚBLICA / PAN AMERICAN JOURNAL OF PUBLIC HEALTH	B1	
1680-5348	REVISTA PANAMERICANA DE SALUD PUBLICA (PRINT)	B1	
0101-5907	REVISTA PARAENSE DE MEDICINA	B3	
0103-0582	REVISTA PAULISTA DE PEDIATRIA (IMPRESSO)	B2	
2177-3300	REVISTA PERCURSO (UEM) Online	B4	
1809-9459	REVISTA PERSPECTIVA JURÍDICA (FGF)	B5	
2318-681X	REVISTA PERSPECTIVAS DO DESENVOLVIMENTO	B4	
1726-4634	REVISTA PERUANA DE MEDICINA EXPERIMENTAL Y SALUD PÚBLICA (IMPRESA)	B2	
2238-2704	REVISTA PESQUISA EM FISIOTERAPIA	B5	
2525-8222	REVISTA PESQUISA QUALITATIVA	B4	
2179-6238	REVISTA PESQUISA SAÚDE	B4	
2175-7801	REVISTA PHYSIS	B5	
0871-9187	REVISTA PORTUGUESA DE EDUCAÇÃO	B4	
1647-2160	REVISTA PORTUGUESA DE ENFERMAGEM DE SAÚDE MENTAL	B2	
2183-8453	REVISTA PORTUGUESA DE SAÚDE OCUPACIONAL	B5	
0870-9025	REVISTA PORTUGUESA DE SAÚDE PÚBLICA	B2	
2176-9230	REVISTA PRÁXIS (ONLINE)	B4	
1984-4239	REVISTA PRÁXIS (VOLTA REDONDA.IMPRESSO)	B4	
2393-7076	REVISTA PRESENCIA. MIRADAS DESDE Y HACIA LA EDUCACIÓN	B5	
2446-7901	REVISTA PREVENÇÃO DE INFECÇÃO E SAÚDE	B4	
1519-0919	REVISTA PROFISSÃO DOCENTE	B4	
2179-8931	REVISTA PRÓ-UNIVERSUS	B5	
2177-093X	REVISTA PSICOLOGIA E SAÚDE	B4	
1981-3236	REVISTA PSICOLOGIA EM FOCO (URI. FREDERICO WESTPHALEN)	B5	
2175-3539	REVISTA PSICOLOGIA ESCOLAR E EDCUACIONAL	B2	
1984-6657	REVISTA PSICOLOGIA: ORGANIZAÇÕES E TRABALHO	B4	
2358-3088	REVISTA RECIEN - REVISTA CIENTÍFICA DE ENFERMAGEM	B4	
2175-6783	REVISTA REDE DE ENFERMAGEM DO NORDESTE	B1	
2359-5728	REVISTA REFERÊNCIA	B5	
0210-5020	REVISTA ROL. DE ENFERMERÍA	B1	
0718-7475	REVISTA SALUD & SOCIEDAD	B1	
1981-4119	REVISTA SALUSVITA (ONLINE)	B3	
1982-3282	REVISTA SAÚDE	B4	
2317-8469	REVISTA SAÚDE & CIÊNCIA ONLINE	B4	
2446-4813	REVISTA SAÚDE EM REDES	B4	
2318-3780	REVISTA SAÚDE MULTIDISCIPLINAR	B5	
2358-5323	REVISTA SAÚDE NA COMUNIDADE	B5	
0103-4490	REVISTA SAÚDE (SANTA MARIA)	B4	
1982-3282	REVISTA SAÚDE (UNG. ONLINE)	B4	
1809-0761	REVISTA SAÚDE.COM	B4	
1809-0761	REVISTA SAÚDE.COM (ONLINE)	B4	
2238-1910	REVISTA SCIENTIA AMAZONIA	B4	
1983-3253	REVISTA SIMBIO-LOGIAS	B5	
2448-0525	REVISTA SOBECC - ASSOCIAÇÃO BRASILEIRA DE ENFERMAGEM DE CENTRO CIRÚRGICO, RECUPERAÇÃO ANESTÉSICA E CENTRO DE MATERIAL E ESTERILIZAÇÃO	B3	
1414-4425	REVISTA SOBECC (SÃO PAULO)	B3	
2317-1758	REVISTA SOCIAIS E HUMANAS	B4	
1809-3957	REVISTA SODEBRAS	B5	
1809-3957	REVISTA SODEBRAS	B5	
1679-8775	REVISTA SUL-AMERICANA DE FILOSOFIA E EDUCAÇÃO	B4	
2236-0417	REVISTA SUL-BRASILEIRA DE ENFERMAGEM	B5	
1984-3526	REVISTA TECNOLOGIA E SOCIEDADE (ONLINE)	B4	
2236-5435	REVISTA TERAPIA MANUAL	B4	
1887-2255	REVISTA TESELA	B2	
2318-0765	REVISTA TRILHA DIGITAL	B5	
2237-0153	REVISTA TRILHAS PEDAGÓGICAS	B4	
2179-5037	REVISTA UNIABEU.	B4	
2318-2083	REVISTA UNILUS ENSINO E PESQUISA (ONLINE)	B5	
2318-0579	REVISTA UNINGÁ	B4	
1807-5053	REVISTA UNINGÁ	B4	
2301-0371	REVISTA URUGUAYA DE ENFERMERÍA	B2	
2446-8118	REVISTA VARIA SCIENTIA ¿ CIÊNCIAS DA SAÚDE	B5	
1678-8931	REVISTA VIRTUAL DE ESTUDOS DA LINGUAGEM	B4	
1807-6211	REVISTALEPH	B4	
1981-8637	RGO. REVISTA GAÚCHA DE ODONTOLOGIA (ONLINE)	B2	
1646-9895	RISTI (PORTO)	B2	
1981-3708	ROBRAC (ONLINE) (GOIÂNIA)	B3	
1984-5685	RSBO	B3	
1806-7727	RSBO. REVISTA SUL-BRASILEIRA DE ODONTOLOGIA	B3	
1445-6354	RURAL AND REMOTE HEALTH	B1	
1980-0002	SABIOS (FACULDADE INTEGRADO DE CAMPO MOURÃO. ONLINE)	B4	
2158-2440	SAGE OPEN	B2	
0718-7475	SALUD & SOCIEDAD: INVESTIGACIONES EN PSICOLOGIA DE LA SALUD Y PSICOLOGIA SOCIAL	B1	
1669-2381	SALUD COLECTIVA	B2	
0185-3325	SALUD MENTAL (MÉXICO)	B1	
0036-3634	SALUD PÚBLICA DE MÉXICO (IMPRESA)	B1	
1316-7138	SALUS	B2	
1723-9427	SALUTE E SOCIETA	B2	
1676-8019	SANARE (SOBRAL)	B4	
1806-9460	SAO PAULO MEDICAL JOURNAL	B1	
1516-3180	SÃO PAULO MEDICAL JOURNAL (IMPRESSO)	B1	
2178-7085	SAÚDE & TRANSFORMAÇÃO SOCIAL / HEALTH & SOCIAL CHANGE	B4	
1806-3365	SAÚDE COLETIVA (BARUERI)	B2	
2317-8582	SAÚDE E DESENVOLVIMENTO HUMANO	B4	
2316-347X	SAUDE E MEIO AMBIENTE - REVISTA INTERDISCIPLINAR	B4	
2176-9206	SAÚDE E PESQUISA	B3	
2176-9206	SAÚDE E PESQUISA (ONLINE)	B3	
0104-1290	SAÚDE E SOCIEDADE	B1	
1984-0470	SAÚDE E SOCIEDADE (ONLINE)	B1	
0104-1290	SAÚDE E SOCIEDADE (USP. IMPRESSO)	B1	
0103-1104	SAUDE EM DEBATE	B2	
2358-2898	SAÚDE EM DEBATE	B2	
0103-1104	SAÚDE EM DEBATE	B2	
0103-1104	SAÚDE EM DEBATE	B2	
2238-1244	SAÚDE EM REVISTA	B4	
1516-7356	SAÚDE EM REVISTA (UNIMEP)	B4	
0103-4499	SAÚDE (SANTA MARIA)	B4	
2236-5834	SAÚDE (SANTA MARIA)	B4	
2236-5843	SAÚDE (SANTA MARIA) (ONLINE)	B4	
1103-8128	SCANDINAVIAN JOURNAL OF OCCUPATIONAL THERAPY (PRINT)	B1	
0355-3140	SCANDINAVIAN JOURNAL OF WORK, ENVIRONMENT & HEALTH (PRINT)	A1	
2328-7950	SCIENCE JOURNAL OF PUBLIC HEALTH	C 	
0048-9697	SCIENCE OF THE TOTAL ENVIRONMENT	A1	
2329-0935	SCIENCE RESEARCH (PRINT)	C 	
0304-4238	SCIENTIA HORTICULTURAE	A2	
1806-5562	SCIENTIA MEDICA (PORTO ALEGRE. IMPRESSO)	B2	
1980-6108	SCIENTIA MEDICA (PORTO ALEGRE. ONLINE)	B2	
1806-5562	SCIENTIA MEDICA (PUCRS. IMPRESSO)	B2	
1808-2793	SCIENTIA PLENA	B4	
2316-9281	SCIENTIFIC ELECTRONIC ARCHIVES	B4	
2045-2322	SCIENTIFIC REPORTS	A1	
1992-2248	SCIENTIFIC RESEARCH AND ESSAYS	B1	
1059-1311	SEIZURE - EUROPEAN JOURNAL OF EPILEPSY	A2	
1676-5435	SEMINA: CÊNCIAS BIOLÓGICAS E DA SAÚDE	B3	
1679-0367	SEMINA. CIÊNCIAS BIOLÓGICAS E DA SAÚDE (ONLINE)	B3	
1676-5443	SEMINA. CIÊNCIAS SOCIAIS E HUMANAS (IMPRESSO) (CESSOU EM 2001)	B4	
1679-4842	SERVIÇO SOCIAL EM REVISTA	B4	
1158-1360	SEXOLOGIES (MARSEILLE)	B2	
1877-5756	SEXUAL & REPRODUCTIVE HEALTHCARE	A1	
1984-6487	SEXUALIDAD, SALUD Y SOCIEDAD (RIO DE JANEIRO)	B2	
1368-4973	SEXUALLY TRANSMITTED INFECTIONS (PRINT)	A2	
1073-2322	SHOCK (AUGUSTA, GA.)	A2	
0165-1684	SIGNAL PROCESSING (PRINT)	A2	
1983-3253	SIMBIO-LOGIAS (BOTUCATU)	B5	
1809-9815	SINAIS SOCIAIS	B5	
1087-0792	SLEEP MEDICINE REVIEWS	A1	
0161-8105	SLEEP (NEW YORK, N.Y.)	A1	
1806-6976	SMAD. REVISTA ELETRÔNICA SAÚDE MENTAL ÁLCOOL E DROGAS (EDIÇÃO EM PORTUGUÊS)	B2	
1557-7112	SOCIAL MEDICINE (SOCIAL MEDICINE PUBLICATION GROUP)	B2	
0277-9536	SOCIAL SCIENCE & MEDICINE (1982)	A2	
2179-6491	SOCIEDADE BRASILEIRA DE FONOAUDIOLOGIA. JORNAL	B1	
1678-9849	SOCIEDADE BRASILEIRA DE MEDICINA TROPICAL. REVISTA	B1	
2075-4698	SOCIETIES	B5	
0210-8364	SOCIOLOGÍA DEL TRABAJO	B4	
2359-3717	SOCIOLOGIA EM REDE	B5	
0038-0814	SOINS	B1	
0254-6299	SOUTH AFRICAN JOURNAL OF BOTANY	B1	
0275-1879	SPECIAL CARE IN DENTISTRY	B1	
0362-2436	SPINE (PHILADELPHIA, PA. 1976)	A2	
1824-7490	SPORT SCIENCES FOR HEALTH (TESTO STAMPATO)	B2	
2310-7545	STANDARD JOURNAL OF EDUCATIONAL RESEARCH AND ESSAY	C 	
2409-1790	STANDARD RESEARCH JOURNAL OF NURSING AND MIDWIFERY	C 	
1550-8943	STEM CELL REVIEWS	A2	
0039-128X	STEROIDS (STONEHAM, MA.)	A2	
1392-8589	STOMATOLOGIJA (KAUNAS)	B1	
0926-9630	STUDIES IN HEALTH TECHNOLOGY AND INFORMATICS	B1	
1234-1234	STUDIES IN VARIATION	C 	
0165-0521	STUDIES ON NEOTROPICAL FAUNA AND ENVIRONMENT	B1	
2359-0777	SUBJETIVIDADES	B3	
1082-6084	SUBSTANCE USE & MISUSE	A2	
0103-8567	SUPLEMENTO DA REVISTA DA SOCIEDADE DE CARDIOLOGIA DO ESTADO DE SAO PAULO	B4	
0103-8567	SUPLEMENTO DA REVISTA DA SOCIEDADE DE CARDIOLOGIA DO ESTADO DE SÃO PAULO	B4	
0941-4355	SUPPORTIVE CARE IN CANCER	A2	
1433-7339	SUPPORTIVE CARE IN CANCER (INTERNET)	A2	
1984-8773	SURGICAL & COSMETIC DERMATOLOGY	B2	
1984-5510	SURGICAL & COSMETIC DERMATOLOGY (IMPRESSO)	B2	
1279-8517	SURGICAL AND RADIOLOGIC ANATOMY (ONLINE)	B1	
0930-2794	SURGICAL ENDOSCOPY	A1	
1553-3506	SURGICAL INNOVATION	B1	
1530-4515	SURGICAL LAPAROSCOPY, ENDOSCOPY & PERCUTANEOUS TECHNIQUES	B1	
2071-1050	SUSTAINABILITY (BASEL)	B1	
2359-0424	SUSTINERE: REVISTA DE SAÚDE E EDUCAÇÃO	B4	
0039-7660	SYLWAN	B1	
2046-4053	SYSTEMATIC REVIEWS	B1	
1092-7026	SYSTEMS RESEARCH AND BEHAVIORAL SCIENCE	B1	
1530-5627	TELEMEDICINE JOURNAL AND E-HEALTH	B1	
1517-7947	TEMAS EM EDUCAÇÃO E SAÚDE (ARARAQUARA)	B4	
1413-389X	TEMAS EM PSICOLOGIA (RIBEIRÃO PRETO)	B2	
0103-7749	TEMAS SOBRE DESENVOLVIMENTO	B3	
1699-6011	TEMPERAMENTUM (GRANADA)	B2	
1518-7934	TEMPORALIS (BRASÍLIA)	B4	
1982-8829	TEMPUS ACTAS DE SAÚDE COLETIVA	B4	
1982-8829	TEMPUS ACTAS EM SAÚDE COLETIVA	B4	
1983-5116	TENDÊNCIAS DA PESQUISA BRASILEIRA EM CIÊNCIA DA INFORMAÇÃO	B4	
1980-265X	TEXTO & CONTEXTO ENFERMAGEM	A2	
0104-0707	TEXTO & CONTEXTO ENFERMAGEM	A2	
0104-0707	TEXTO & CONTEXTO ENFERMAGEM (UFSC. IMPRESSO)	A2	
1677-9509	TEXTOS & CONTEXTOS (PORTO ALEGRE)	B3	
0002-936X	THE AMERICAN JOURNAL NURSING	A1	
0002-9637	THE AMERICAN JOURNAL OF TROPICAL MEDICINE AND HYGIENE	A2	
0003-3219	THE ANGLE ORTHODONTIST	A2	
1678-4391	THE BRAZILIAN JOURNAL OF INFECTIOUS DISEASES	B1	
1413-8670	THE BRAZILIAN JOURNAL OF INFECTIOUS DISEASES (IMPRESSO)	B1	
1678-4391	THE BRAZILIAN JOURNAL OF INFECTIOUS DISEASES (ONLINE)	B1	
1712-9532	THE CANADIAN JOURNAL OF INFECTIOUS DISEASES & MEDICAL MICROBIOLOGY	B1	
0749-8047	THE CLINICAL JOURNAL OF PAIN	A2	
2412-2688	THE FIEP BULLETIN	B4	
1027-3719	THE INTERNATIONAL JOURNAL OF TUBERCULOSIS AND LUNG DISEASE	A2	
1815-7920	THE INTERNATIONAL JOURNAL OF TUBERCULOSIS AND LUNG DISEASE (ONLINE)	A2	
0946-5448	THE INTERNATIONAL TINNITUS JOURNAL	B1	
1531-2992	THE INTERNET JOURNAL OF RESCUE AND DISASTER MEDICINE	B5	
2202-4433	THE JBI DATABASE OF SYSTEMATIC REVIEWS AND IMPLEMENTATION REPORTS	B2	
2258-8094	THE JOURNAL OF AGING RESEARCH & CLINICAL PRACTICE	B5	
0277-0903	THE JOURNAL OF ASTHMA	B1	
0889-4655	THE JOURNAL OF CARDIOVASCULAR NURSING	A1	
0021-972X	THE JOURNAL OF CLINICAL ENDOCRINOLOGY AND METABOLISM	A1	
1524-6175	THE JOURNAL OF CLINICAL HYPERTENSION (GREENWICH, CONN.)	A2	
0022-0124	THE JOURNAL OF CONTINUING EDUCATION IN NURSING	A1	
1049-2275	THE JOURNAL OF CRANIOFACIAL SURGERY (PRINT)	B1	
2273-4309	THE JOURNAL OF FRAILTY & AGING	B5	
0195-6701	THE JOURNAL OF HOSPITAL INFECTION	A2	
2036-6590	THE JOURNAL OF INFECTION IN DEVELOPING COUNTRIES	B1	
0022-1899	THE JOURNAL OF INFECTIOUS DISEASES	A1	
0888-0395	THE JOURNAL OF NEUROSCIENCE NURSING	A1	
1279-7707	THE JOURNAL OF NUTRITION, HEALTH & AGING	A2	
0022-3395	THE JOURNAL OF PARASITOLOGY	A2	
1827-1928	THE JOURNAL OF SPORTS MEDICINE AND PHYSICAL FITNESS	B1	
0002-8177	THE JOURNAL OF THE AMERICAN DENTAL ASSOCIATION	A2	
1055-3290	THE JOURNAL OF THE ASSOCIATION OF NURSES IN AIDS CARE	A1	
1724-6032	THE JOURNAL OF VASCULAR ACCESS (ONLINE)	B1	
1678-9199	THE JOURNAL OF VENOMOUS ANIMALS AND TOXINS INCLUDING TROPICAL DISEASES (ONLINE)	B1	
1079-5014	THE JOURNALS OF GERONTOLOGY. SERIES B, PSYCHOLOGICAL SCIENCES AND SOCIAL SCIENCES	A2	
0099-5355	THE LANCET (NORTH AMERICAN EDITION)	B5	
0029-6465	THE NURSING CLINICS OF NORTH AMERICA	A1	
2160-3715	THE QUALITATIVE REPORT (ONLINE)	B5	
1537-744X	THE SCIENTIFIC WORLD JOURNAL	B1	
0163-4356	THERAPEUTIC DRUG MONITORING (PRINT)	A2	
1877-959X	TICKS AND TICK-BORNE DISEASES	A2	
1360-2276	TM & IH. TROPICAL MEDICINE AND INTERNATIONAL HEALTH (PRINT)	A2	
0882-7524	TOPICS IN GERIATRIC REHABILITATION	B1	
0887-2333	TOXICOLOGY IN VITRO	A2	
0041-0101	TOXICON (OXFORD)	A2	
1514-6871	TRABAJO Y SOCIEDAD	B2	
1678-1007	TRABALHO, EDUCAÇÃO E SAÚDE (IMPRESSO)	B2	
1678-1007	TRABALHO, EDUCAÇÃO E SAÚDE (IMPRESSO)	B2	
1981-7746	TRABALHO, EDUCAÇÃO E SAÚDE (ONLINE)	B2	
1981-7746	TRABALHO, EDUCAÇÃO E SAÚDE (ONLINE)	B2	
1538-9588	TRAFFIC INJURY PREVENTION (PRINT)	B1	
0035-9203	TRANSACTIONS OF THE ROYAL SOCIETY OF TROPICAL MEDICINE AND HYGIENE	A2	
2223-4683	TRANSLATIONAL ANDROLOGY AND UROLOGY	B2	
2158-3188	TRANSLATIONAL PSYCHIATRY	A1	
0041-1337	TRANSPLANTATION	A1	
0041-1345	TRANSPLANTATION PROCEEDINGS	A2	
1471-4922	TRENDS IN PARASITOLOGY	A1	
1745-6215	TRIALS (LONDON)	B1	
1472-9792	TUBERCULOSIS (EDINBURGH)	A2	
1010-4283	TUMOR BIOLOGY	A2	
0377-9777	TURK HIJIYEN VE DENEYSEL BIYOLOJI DERGISI	B2	
1982-7776	UDESC EM AÇÃO	B5	
1980-8305	ÚLTIMO ANDAR (PUCSP. ONLINE)	B4	
1415-5141	UNICIÊNCIAS (UNIC)	B4	
2236-5257	UNIMONTES CIENTÍFICA	B4	
2178-2571	UNINGÁ REVIEW	B4	
2178-2571	UNINGÁ REVIEW	B4	
1657-4249	UNI-PLURI (MEDELLIN)	B4	
1517-5979	UNISA BIOLOGICAL AND HEALTH SCIENCES JOURNAL	B4	
2317-1111	UNISANTA BIOSCIENCE	B5	
1981-9730	UNIVERSITAS CIÊNCIAS DA SAÚDE	B4	
1984-9419	UNIVERSITAS HUMANAS	B4	
2179-1589	UNIVERSO	B5	
1517-2570	UNOPAR CIENTÍFICA. CIÊNCIAS BIOLÓGICAS E DA SAÚDE	B3	
2161-623X	US-CHINA EDUCATION REVIEW A & B	B5	
0264-410X	VACCINE (GUILDFORD)	A2	
1098-3015	VALUE IN HEALTH	A1	
1519-9886	VARIA SCIENTIA (UNIOESTE)	B4	
1981-481X	VARIA SCIENTIA (UNIOESTE)	B4	
2176-4603	VIDYA (SANTA MARIA. ONLINE)	B4	
2317-269X	VIGILÂNCIA SANITÁRIA EM DEBATE: SOCIEDADE, CIÊNCIA & TECNOLOGIA	B3	
2317-269X	VIGILÂNCIA SANITÁRIA EM DEBATE: SOCIEDADE, CIÊNCIA & TECNOLOGIA	B3	
1806-2490	VÍNCULO (SÃO PAULO. IMPRESSO)	B3	
2177-7853	VITALLE	B4	
1413-3563	VITTALE (FURG)	B4	
0734-242X	WASTE MANAGEMENT & RESEARCH (PRINT)	B1	
0956-053X	WASTE MANAGEMENT (ELMSFORD)	A1	
0043-3144	WEST INDIAN MEDICAL JOURNAL	B1	
1871-5192	WOMEN AND BIRTH (PRINT)	A1	
1049-3867	WOMEN'S HEALTH ISSUES	A1	
1051-9815	WORK (READING, MA)	B1	
2165-0799	WORKPLACE HEALTH & SAFETY	A1	
2165-0799	WORKPLACE HEALTH & SAFETY	A1	
0819-4610	WORLD COUNCIL OF ENTEROSTOMAL THERAPISTS JOURNAL	B2	
1949-8462	WORLD JOURNAL OF CARDIOLOGY	C 	
2219-2840	WORLD JOURNAL OF GASTROENTEROLOGY	A2	
1007-9327	WORLD JOURNAL OF GASTROENTEROLOGY	A2	
2277-7105	WORLD JOURNAL OF PHARMACEUTICAL RESEARCH	B5	
1309-0348	WORLD JOURNAL ON EDUCATIONAL TECHNOLOGY	B5	
1545-102X	WORLDVIEWS ON EVIDENCE-BASED NURSING	A1	
1067-1927	WOUND REPAIR AND REGENERATION	A2	
1044-7946	WOUNDS (KING OF PRUSSIA, PA.)	B1	
1561-882X	WULFENIA	B1	
9788-461X	978-846-148-798-1	C 	
